origin,destination,distance
EWR,JFK,21.0
WRG,PSG,31.0
PSG,WRG,31.0
LAX,SNA,36.0
JNU,GST,41.0
GST,JNU,41.0
PLN,CIU,49.0
SWF,LGA,52.0
SAV,BQK,62.0
MIA,PBI,62.0
RHI,IMT,67.0
ORD,MKE,67.0
MKE,ORD,67.0
CWA,ATW,67.0
IMT,RHI,67.0
SJU,STT,68.0
STT,SJU,68.0
MEI,PIB,69.0
PIB,MEI,69.0
MVY,BOS,70.0
BOS,MVY,70.0
DEN,COS,73.0
COS,DEN,73.0
CLL,IAH,74.0
DTW,LAN,74.0
LAN,DTW,74.0
IAH,CLL,74.0
MSP,RST,76.0
RST,MSP,76.0
MRY,SFO,77.0
SFO,MRY,77.0
EWR,PHL,80.0
KTN,WRG,82.0
WRG,KTN,82.0
CLT,GSO,83.0
ATL,CSG,83.0
GSO,CLT,83.0
JMS,DVL,83.0
DVL,JMS,83.0
CSG,ATL,83.0
ORD,SBN,84.0
SBN,ORD,84.0
GSO,ROA,84.0
KOA,OGG,84.0
OGG,KOA,84.0
SFO,SMF,86.0
HIB,INL,86.0
LAX,CLD,86.0
SMF,SFO,86.0
CLD,LAX,86.0
INL,HIB,86.0
FAR,JMS,88.0
SBA,LAX,89.0
DFW,ACT,89.0
GJT,ASE,89.0
ACT,DFW,89.0
LAX,SBA,89.0
PHL,BWI,90.0
BWI,PHL,90.0
BOS,ACK,91.0
ACK,BOS,91.0
BIL,COD,92.0
SEA,BLI,93.0
BLI,SEA,93.0
EWR,AVP,93.0
AVP,EWR,93.0
SJU,STX,94.0
STX,SJU,94.0
SIT,JNU,95.0
CLE,DTW,95.0
DTW,CLE,95.0
JNU,SIT,95.0
LGA,PHL,96.0
PHL,LGA,96.0
FCA,MSO,97.0
MBS,DTW,98.0
DTW,MBS,98.0
IAD,RIC,100.0
HNL,OGG,100.0
RIC,IAD,100.0
OGG,HNL,100.0
MSO,BTM,101.0
DFW,TYR,102.0
TYR,DFW,102.0
HNL,LIH,102.0
LIH,HNL,102.0
ATL,CHA,106.0
CHA,ATL,106.0
CRP,HRL,107.0
LBB,AMA,107.0
ORD,MSN,108.0
MSN,ORD,108.0
PUB,DEN,109.0
SAN,LAX,109.0
LAX,SAN,109.0
DEN,PUB,109.0
PHX,TUS,110.0
TUS,PHX,110.0
LAX,PSP,110.0
PSP,LAX,110.0
DFW,SPS,113.0
DTW,AZO,113.0
DEN,LAR,113.0
LAR,DEN,113.0
SPS,DFW,113.0
AZO,DTW,113.0
MSP,BRD,114.0
BRD,MSP,114.0
MSN,CWA,114.0
ORD,BMI,116.0
BMI,ORD,116.0
BDL,EWR,116.0
EWR,BDL,116.0
MKG,ORD,118.0
ORD,MKG,118.0
LSE,MSP,119.0
PHL,DCA,119.0
FLG,PHX,119.0
DCA,PHL,119.0
MSP,LSE,119.0
PHX,FLG,119.0
DTW,GRR,120.0
EGE,DEN,120.0
GRR,DTW,120.0
DEN,EGE,120.0
ITO,OGG,121.0
OGG,ITO,121.0
ORD,AZO,122.0
AZO,ORD,122.0
PSG,JNU,123.0
JNU,PSG,123.0
EYW,MIA,125.0
ASE,DEN,125.0
DEN,ASE,125.0
MIA,EYW,125.0
GCC,RAP,125.0
LCH,IAH,127.0
IAH,LCH,127.0
DTW,FWA,128.0
FWA,DTW,128.0
PDX,SEA,129.0
SEA,PDX,129.0
ORD,PIA,130.0
RDU,CLT,130.0
CLT,RDU,130.0
PIA,ORD,130.0
SLC,VEL,132.0
VEL,SLC,132.0
DTW,CAK,133.0
CAK,DTW,133.0
BHM,ATL,134.0
LAX,SMX,134.0
GRK,DFW,134.0
ATL,BHM,134.0
SMX,LAX,134.0
DFW,GRK,134.0
ORD,CMI,135.0
CMI,ORD,135.0
GRR,ORD,137.0
ORD,GRR,137.0
STL,PIA,137.0
ORD,MLI,139.0
MLI,ORD,139.0
LAW,DFW,140.0
GGG,DFW,140.0
DFW,LAW,140.0
IAH,AUS,140.0
AUS,IAH,140.0
DFW,GGG,140.0
HDN,DEN,141.0
DEN,HDN,141.0
AGS,ATL,143.0
ALB,EWR,143.0
ATL,AGS,143.0
ORF,DCA,143.0
EWR,ALB,143.0
DLH,MSP,144.0
LRD,HRL,144.0
MSP,DLH,144.0
ABY,ATL,145.0
ATL,ABY,145.0
MGM,ATL,147.0
DBQ,ORD,147.0
ORD,DBQ,147.0
ATL,MGM,147.0
AUS,HOU,148.0
HOU,AUS,148.0
MSN,CID,149.0
SLC,PIH,150.0
PIH,SLC,150.0
HSV,ATL,151.0
ATL,HSV,151.0
MCI,LNK,152.0
ATL,TYS,152.0
GPT,VPS,152.0
TYS,ATL,152.0
DEN,GUC,152.0
GUC,DEN,152.0
ATL,GSP,153.0
BRD,INL,153.0
INL,BRD,153.0
GSP,ATL,153.0
RDU,PHF,154.0
DTW,CMH,155.0
CMH,DTW,155.0
LAX,SBP,156.0
SBP,LAX,156.0
ORD,FWA,157.0
MYR,CLT,157.0
CLT,MYR,157.0
DTW,SBN,157.0
IAD,ORF,157.0
TYS,LEX,157.0
ORF,IAD,157.0
FWA,ORD,157.0
SBN,DTW,157.0
ABI,DFW,158.0
FAT,SFO,158.0
DFW,ABI,158.0
SFO,FAT,158.0
ORF,BWI,159.0
BWI,ORF,159.0
PHX,YUM,160.0
YUM,PHX,160.0
ORD,ATW,160.0
ANC,CDV,160.0
PVD,EWR,160.0
EWR,PVD,160.0
ATW,ORD,160.0
CDV,ANC,160.0
SLC,RKS,162.0
RKS,SLC,162.0
KOA,HNL,163.0
IAH,TYR,163.0
TYR,IAH,163.0
HNL,KOA,163.0
AVL,ATL,164.0
DTW,ERI,164.0
DFW,CLL,164.0
ERI,DTW,164.0
ATL,AVL,164.0
CLL,DFW,164.0
IAH,GRK,166.0
DTW,DAY,166.0
GRK,IAH,166.0
DAY,DTW,166.0
CLT,CHS,168.0
IAD,TTN,168.0
CHS,CLT,168.0
EWR,BWI,169.0
BWI,EWR,169.0
ATL,DHN,170.0
DHN,ATL,170.0
SEA,PSC,172.0
PSC,SEA,172.0
MVY,JFK,173.0
ORD,GRB,173.0
GRB,ORD,173.0
JFK,MVY,173.0
SPI,ORD,174.0
HIB,MSP,174.0
ORD,SPI,174.0
MSP,HIB,174.0
MSP,CWA,175.0
SLC,TWF,175.0
OKC,DFW,175.0
CWA,MSP,175.0
DFW,OKC,175.0
TWF,SLC,175.0
IAD,ROA,177.0
FLL,MCO,177.0
ORD,IND,177.0
MCO,FLL,177.0
IND,ORD,177.0
ROA,IAD,177.0
LAN,ORD,179.0
ORD,LAN,179.0
GSO,CRW,181.0
DAL,OKC,181.0
TXK,DFW,181.0
OKC,DAL,181.0
DFW,TXK,181.0
PIT,IAD,182.0
IAD,PIT,182.0
SIT,KTN,183.0
OTZ,OME,183.0
KTN,SIT,183.0
OME,OTZ,183.0
SLC,CNY,184.0
BWI,JFK,184.0
CNY,SLC,184.0
BOS,LGA,184.0
JFK,BWI,184.0
LGA,BOS,184.0
CLT,ILM,185.0
ILM,CLT,185.0
BOS,JFK,187.0
CRP,HOU,187.0
HOU,CRP,187.0
JFK,BOS,187.0
SLC,IDA,188.0
IDA,SLC,188.0
DAL,AUS,189.0
FSD,LNK,189.0
AUS,DAL,189.0
SBP,SFO,190.0
AUS,DFW,190.0
SFO,SBP,190.0
IAH,AEX,190.0
DFW,SHV,190.0
SHV,DFW,190.0
DFW,AUS,190.0
RHI,MSP,190.0
AEX,IAH,190.0
MSP,RHI,190.0
SAT,IAH,191.0
IAH,SAT,191.0
CAE,ATL,192.0
MIA,MCO,192.0
SHV,IAH,192.0
IAH,SHV,192.0
RNO,SFO,192.0
HOU,SAT,192.0
ATL,CAE,192.0
MCO,MIA,192.0
SFO,RNO,192.0
SAT,HOU,192.0
SFO,MMH,193.0
MMH,SFO,193.0
MHT,LGA,195.0
LGA,MHT,195.0
EWR,SYR,195.0
SYR,EWR,195.0
JFK,HYA,196.0
MTJ,DEN,196.0
HYA,JFK,196.0
ORD,CID,196.0
PHL,BDL,196.0
BDL,PHL,196.0
MSP,FSD,196.0
DEN,MTJ,196.0
FSD,MSP,196.0
CID,ORD,196.0
TPA,FLL,197.0
LAS,ONT,197.0
ONT,LAS,197.0
FLL,TPA,197.0
APN,DTW,198.0
PHL,RIC,198.0
RIC,PHL,198.0
LGA,SYR,198.0
SYR,LGA,198.0
DTW,APN,198.0
YAK,JNU,198.91712707182322
JNU,YAK,198.91712707182322
DCA,EWR,199.0
ACK,JFK,199.0
SFO,RDD,199.0
EWR,DCA,199.0
BJI,MSP,199.0
MSP,BJI,199.0
RDD,SFO,199.0
JFK,ACK,199.0
BOS,EWR,200.0
SLC,EKO,200.0
EKO,SLC,200.0
EWR,BOS,200.0
CRP,IAH,201.0
PIT,DTW,201.0
LIH,OGG,201.0
IAH,LFT,201.0
LFT,IAH,201.0
OGG,LIH,201.0
DTW,PIT,201.0
IAH,CRP,201.0
SBN,CVG,203.0
MIA,TPA,204.0
SCC,BRW,204.0
TPA,MIA,204.0
DCA,PIT,204.0
BRW,SCC,204.0
PIT,DCA,204.0
JAC,SLC,205.0
SLC,JAC,205.0
TVC,DTW,207.0
DTW,TVC,207.0
VLD,ATL,208.0
ATL,VLD,208.0
FAT,LAX,209.0
EWR,MHT,209.0
JFK,SYR,209.0
SYR,JFK,209.0
LAX,FAT,209.0
MHT,EWR,209.0
PIT,BWI,210.0
BWI,PIT,210.0
IAD,EWR,212.0
EWR,IAD,212.0
DEN,GJT,212.0
GJT,DEN,212.0
ORD,CWA,212.26592977893367
CWA,ORD,212.26640675763483
CDV,YAK,213.0
TOL,ORD,213.0
ORD,TOL,213.0
YAK,CDV,213.0
DCA,JFK,213.0
JFK,DCA,213.0
CLE,SCE,213.0
BNA,ATL,214.0
ATL,SAV,214.0
LGA,DCA,214.0
DCA,LGA,214.0
ATL,BNA,214.0
SAV,ATL,214.0
LSE,ORD,215.0
ORD,LSE,215.0
DAL,IAH,216.0
GJT,SLC,216.0
SLC,GJT,216.0
ITO,HNL,216.0
SFO,SMX,216.0
IAH,DAL,216.0
HNL,ITO,216.0
SMX,SFO,216.0
BWI,ISP,220.0
MSP,CID,220.0
ISP,BWI,220.0
CID,MSP,220.0
CDC,SLC,221.0
SLC,CDC,221.0
SLC,SUN,222.0
SUN,SLC,222.0
MBS,ORD,222.0
ORD,MBS,222.0
TLH,ATL,223.0
FAR,MSP,223.0
BUR,LAS,223.0
MSP,FAR,223.0
ATL,TLH,223.0
ORD,FNT,223.0
FNT,ORD,223.0
LAS,BUR,223.0
IAH,DFW,224.0
SEA,GEG,224.0
GEG,SEA,224.0
DFW,IAH,224.0
IAD,RDU,224.0
ORD,TVC,224.0
TVC,ORD,224.0
RDU,IAD,224.0
ATL,CLT,226.0
CLT,ATL,226.0
SNA,LAS,226.0
LAS,SNA,226.0
FSM,DFW,227.0
DCA,RDU,227.0
DFW,FSM,227.0
TRI,ATL,227.0
ATL,TRI,227.0
RDU,DCA,227.0
IAD,JFK,228.0
MSN,MSP,228.0
DTW,MDW,228.0
JFK,IAD,228.0
MDW,DTW,228.0
MSP,MSN,228.0
DFW,SJT,229.0
SJT,DFW,229.0
CVG,DTW,229.0
IAD,LGA,229.0
DTW,CVG,229.0
LGA,IAD,229.0
CPR,DEN,230.0
CVG,BNA,230.0
BNA,CVG,230.0
DEN,CPR,230.0
DTW,IND,231.0
LAS,LGB,231.0
LGB,LAS,231.0
IND,DTW,231.0
DSM,MSP,232.0
MSP,DSM,232.0
DCA,HPN,234.0
ALO,ORD,234.0
ORD,ALO,234.0
JNU,KTN,234.0
KTN,JNU,234.0
HPN,DCA,234.0
ORD,DTW,235.0
DTW,ORD,235.0
MSP,ATW,236.0
ATW,MSP,236.0
LAS,LAX,236.0
LAX,LAS,236.0
DTW,MKE,237.0
TUL,DFW,237.0
MCI,STL,237.0
DFW,TUL,237.0
TUL,DAL,237.0
STL,MCI,237.0
DAL,TUL,237.0
MKE,DTW,237.0
PHL,PVD,237.0
PVD,PHL,237.0
ATL,BQK,238.0
BQK,ATL,238.0
BFL,SFO,238.0
SFO,BFL,238.0
IAD,GSO,239.0
GSO,IAD,239.0
DAL,HOU,239.0
HOU,DAL,239.0
ATL,ECP,240.0
DAY,ORD,240.0
ORD,DAY,240.0
ECP,ATL,240.0
ATL,GTR,241.0
GTR,ATL,241.0
DTW,BUF,241.0
BUF,DTW,241.0
DTW,PLN,243.0
PLN,DTW,243.0
EWR,ROC,246.0
ROC,EWR,246.0
DFW,HOU,247.0
DFW,SAT,247.0
SAT,DFW,247.0
HOU,DFW,247.0
DAL,SAT,248.0
SAT,DAL,248.0
VPS,ATL,250.0
ACV,SFO,250.0
ATL,VPS,250.0
SFO,ACV,250.0
DRO,DEN,250.73121869782972
DEN,DRO,250.73121869782972
STL,MDW,251.0
MDW,STL,251.0
MSP,GRB,252.0
GRB,MSP,252.0
ADQ,ANC,253.0
IAH,BTR,253.0
BTR,IAH,253.0
ANC,ADQ,253.0
ROC,LGA,254.0
LGA,ROC,254.0
LAS,PHX,255.0
PHX,LAS,255.0
MSP,INL,255.0
RDU,BWI,255.0
INL,MSP,255.0
BWI,RDU,255.0
CVG,PIT,256.0
PIT,CVG,256.0
IMT,MSP,257.0
CLT,RIC,257.0
ABR,MSP,257.0
RIC,CLT,257.0
MSP,IMT,257.0
MSP,ABR,257.0
LAS,SAN,258.0
STL,ORD,258.0
ORD,STL,258.0
SAN,LAS,258.0
LGA,BTV,258.0
BTV,LGA,258.0
CHS,ATL,259.0
ATL,CHS,259.0
RKS,DEN,260.0
DEN,RKS,260.0
RKS,GCC,261.0
FAI,ANC,261.0
PHX,PSP,261.0
GCC,RKS,261.0
ANC,FAI,261.0
PSP,PHX,261.0
MLU,IAH,262.0
SBA,SFO,262.0
IAH,MLU,262.0
SFO,SBA,262.0
JFK,ROC,264.0
ROC,JFK,264.0
CVG,ORD,264.765867731913
ORD,CVG,264.7669481853458
JFK,BTV,266.0
EWR,BTV,266.0
BTV,EWR,266.0
BTV,JFK,266.0
LAX,MRY,266.0
MRY,LAX,266.0
PIT,PHL,268.0
RST,ORD,268.0
PHL,PIT,268.0
ORD,RST,268.0
CVG,GRR,268.0
GRR,CVG,268.0
ORD,EAU,268.2520547945206
EAU,ORD,268.2520547945206
LGA,PWM,269.0
PWM,LGA,269.0
BPT,DFW,270.0
JAX,ATL,270.0
ATL,JAX,270.0
DFW,BPT,270.0
ATL,PNS,271.0
SDF,MDW,271.0
PNS,ATL,271.0
MDW,SDF,271.0
STL,BNA,272.0
SGU,SLC,272.0
SLC,SGU,272.0
BNA,STL,272.0
EVV,ORD,272.17380092831354
ORD,EVV,272.1738906088751
SLC,WYS,273.0
PWM,JFK,273.0
WYS,SLC,273.0
JFK,PWM,273.0
AUS,HRL,273.0
HRL,AUS,273.0
MLI,MSP,274.0
ACY,BOS,274.0
DCA,CAK,274.0
CAK,DCA,274.0
MSP,MLI,274.0
BOS,ACY,274.0
HRL,HOU,277.0
BWI,ROC,277.0
RIC,EWR,277.0
ROC,BWI,277.0
HOU,HRL,277.0
EWR,RIC,277.0
EGE,SLC,279.0
XNA,DFW,280.0
DFW,XNA,280.0
PHL,BOS,280.0
BOS,PHL,280.0
BUF,BWI,281.0
BWI,BUF,281.0
CRW,DTW,281.0
DTW,CRW,281.0
OMA,MSP,282.0
MSP,OMA,282.0
DFW,LBB,282.0
LBB,DFW,282.0
BUF,EWR,282.0
EWR,BUF,282.0
MDW,CMH,283.0
CMH,MDW,283.0
IAD,BUF,283.0
BWI,BDL,283.0
BDL,BWI,283.0
BUF,IAD,283.0
DTW,CIU,284.0
CIU,DTW,284.0
EWR,ORF,284.0
MSP,GFK,284.0
EWR,PWM,284.0
ORF,EWR,284.0
GFK,MSP,284.0
PWM,EWR,284.0
AEX,DFW,285.0
DFW,AEX,285.0
SDF,ORD,286.7970479704797
ORD,SDF,286.8022598870057
DTW,GRB,287.0
GRB,DTW,287.0
BOI,GEG,287.0
GEG,BOI,287.0
ANC,AKN,288.0
CLE,IAD,288.0
IAD,ROC,288.0
AKN,ANC,288.0
IAD,CLE,288.0
ROC,IAD,288.0
BWI,ALB,289.0
ALB,BWI,289.0
JFK,ORF,290.0
ORF,JFK,290.0
SLC,BOI,290.0
ORF,CLT,290.0
CLT,ORF,290.0
BOI,SLC,290.0
RAP,JMS,291.0
RIC,LGA,292.0
LGA,BUF,292.0
BUF,LGA,292.0
LGA,RIC,292.0
MLU,DFW,293.0
DFW,MLU,293.0
LBB,DAL,293.0
DAL,LBB,293.0
MIA,GNV,294.0
GNV,MIA,294.0
HRL,IAH,295.0
LCH,DFW,295.0
IAH,HRL,295.0
DFW,LCH,295.0
LGA,ORF,296.0
DTW,ATW,296.0
ORD,CMH,296.0
ROC,DTW,296.0
DAL,LIT,296.0
DTW,LEX,296.0
BUR,SJC,296.0
SJC,BUR,296.0
CMH,ORD,296.0
IAD,SYR,296.0
SYR,IAD,296.0
LEX,DTW,296.0
ORF,LGA,296.0
LIT,DAL,296.0
DTW,ROC,296.0
ATW,DTW,296.0
MSP,MKE,297.0
MKE,MSP,297.0
DCA,SYR,298.0
HYS,DEN,298.0
SYR,DCA,298.0
SLC,COD,298.0
DEN,HYS,298.0
COD,SLC,298.0
IAD,CMH,299.0
ORD,DSM,299.0
CMH,IAD,299.0
DSM,ORD,299.0
DEN,RAP,300.0
GNV,ATL,300.0
ATL,GNV,300.0
RAP,DEN,300.0
SCE,DTW,301.0
LRD,IAH,301.0
IAH,LRD,301.0
BUF,JFK,301.0
DTW,SCE,301.0
JFK,BUF,301.0
MOB,ATL,302.0
HOU,MSY,302.0
ATL,MOB,302.0
MSY,HOU,302.0
ORD,MQT,303.0
DEN,SAF,303.0
MQT,ORD,303.0
SAF,DEN,303.0
DFW,LIT,304.0
LEX,ATL,304.0
LIT,DFW,304.0
SFO,CEC,304.0
ATL,LEX,304.0
CEC,SFO,304.0
SAN,PHX,304.0
PHX,SAN,304.0
LGA,CHO,305.0
MSY,IAH,305.0
IAH,MSY,305.0
CHO,LGA,305.0
ATL,GSO,306.0
SDF,DTW,306.0
DTW,ESC,306.0
DTW,SDF,306.0
DSM,MDW,306.0
ESC,DTW,306.0
MDW,DSM,306.0
GSO,ATL,306.0
MDW,CLE,307.0
CLE,MDW,307.0
BRO,IAH,308.0
CVG,STL,308.0
IAH,BRO,308.0
SJC,LAX,308.0
LAX,SJC,308.0
STL,CVG,308.0
MAF,DFW,309.0
DFW,MAF,309.0
DCA,CLE,310.0
CLE,DCA,310.0
MSN,DTW,311.0
DTW,MSN,311.0
DFW,AMA,312.0
AMA,DFW,312.0
BMI,DTW,313.0
DEN,GCC,313.0
DCA,BDL,313.0
DTW,BMI,313.0
BDL,DCA,313.0
GCC,DEN,313.0
FAT,SAN,314.0
CLE,BWI,314.0
SAN,FAT,314.0
BWI,CLE,314.0
COU,ORD,315.0
ORD,COU,315.0
CLE,ORD,315.25485436893206
ORD,CLE,315.2585966542751
MFE,IAH,316.0
IAH,MFE,316.0
MKE,STL,317.0
MYR,ATL,317.0
STL,MKE,317.0
ATL,MYR,317.0
MKE,CVG,318.0
CVG,MKE,318.0
PIT,EWR,319.0
EWR,PIT,319.0
DAL,MAF,319.0
MAF,DAL,319.0
FLL,JAX,319.0
JAX,FLL,319.0
SLC,CPR,320.0
CPR,SLC,320.0
SDF,ATL,321.0
ATL,SDF,321.0
CLT,IAD,322.0
IAD,CLT,322.0
AMA,DAL,323.0
CMH,DCA,323.0
DCA,CMH,323.0
LEX,ORD,323.0
DAL,AMA,323.0
ORD,LEX,323.0
ALB,IAD,325.0
OAK,BUR,325.0
ONT,PHX,325.0
PHX,ONT,325.0
IAD,ALB,325.0
BUR,OAK,325.0
SFO,BUR,326.0
IAD,BDL,326.0
BDL,IAD,326.0
RIC,CAE,326.0
BUR,SFO,326.0
PVD,BWI,327.0
BWI,PVD,327.0
DFW,JLN,327.0
JLN,DFW,327.0
ICT,DFW,328.0
BNA,CLT,328.0
PHX,ABQ,328.0
JAX,CLT,328.0
CLT,BNA,328.0
DFW,ICT,328.0
CLE,MKE,328.0
ABQ,PHX,328.0
CLT,JAX,328.0
GSP,RIC,328.0
MKE,CLE,328.0
DLG,ANC,329.0
ANC,DLG,329.0
MFR,SFO,329.0
SFO,MFR,329.0
FAY,ATL,331.0
MSP,LNK,331.0
CLT,DCA,331.0
DCA,CLT,331.0
ATL,FAY,331.0
LNK,MSP,331.0
ATL,MEM,332.0
ELM,DTW,332.0
DTW,ELM,332.0
MEM,ATL,332.0
SJC,ONT,333.0
DAL,ICT,333.0
ICT,DAL,333.0
ONT,SJC,333.0
ORD,MSP,334.0
MSP,ORD,334.0
SDF,CLT,335.0
CLT,SDF,335.0
PIT,LGA,335.0
LGA,PIT,335.0
CLT,CVG,335.0
MIA,JAX,335.0
CVG,CLT,335.0
JAX,MIA,335.0
RDU,PHL,337.0
CMH,BNA,337.0
LAX,OAK,337.0
OAK,LAX,337.0
BNA,CMH,337.0
BWI,CMH,337.0
LAX,SFO,337.0
PHL,RDU,337.0
SFO,LAX,337.0
CMH,BWI,337.0
SNA,PHX,338.0
PHX,SNA,338.0
SGF,HYS,339.0
PIT,JFK,340.0
JFK,PIT,340.0
LBB,AUS,341.0
JAN,ATL,341.0
ATL,JAN,341.0
AUS,LBB,341.0
PIA,MSP,342.0
MSP,PIA,342.0
ORD,PAH,342.0
SNA,SJC,342.0
SJC,SNA,342.0
STL,OMA,342.0
OMA,STL,342.0
PAH,ORD,342.0
ORD,CAK,343.0
CAK,ORD,343.0
BOI,PDX,344.0
PDX,BOI,344.0
LAS,RNO,345.0
RNO,LAS,345.0
PIA,DTW,346.0
DTW,PIA,346.0
ELP,PHX,347.0
BZN,SLC,347.0
CLT,CMH,347.0
PHX,ELP,347.0
CMH,CLT,347.0
SLC,BZN,347.0
DEN,ABQ,349.0
MSP,MDW,349.0
MDW,MSP,349.0
ABQ,DEN,349.0
DTW,MQT,349.0
MQT,DTW,349.0
ATL,EVV,350.0
EVV,ATL,350.0
IAH,JAN,351.0
EUG,BOI,351.0
JAN,IAH,351.0
STL,TUL,351.0
DFW,LFT,351.0
LFT,DFW,351.0
BOI,EUG,351.0
TUL,STL,351.0
PHX,DRO,351.83751651254954
DRO,PHX,351.83751651254954
ATL,GPT,352.0
GPT,ATL,352.0
DTW,ITH,353.0
LGB,OAK,353.0
ITH,DTW,353.0
OAK,LGB,353.0
CRP,DFW,354.0
SFO,LGB,354.0
LGB,SFO,354.0
DFW,CRP,354.0
LGB,PHX,355.0
PHX,LGB,355.0
RDU,ATL,356.0
CRW,MYR,356.0
ATL,RDU,356.0
MYR,CRW,356.0
PVD,DCA,356.0
DCA,PVD,356.0
ROA,ATL,357.0
ATL,ROA,357.0
SMF,BUR,358.0
BUR,SMF,358.0
SLC,BTM,358.0
BTM,SLC,358.0
AMA,DEN,359.0
DEN,AMA,359.0
CMX,ORD,359.2520547945206
ORD,CMX,359.25240054869687
CLT,BWI,361.0
BWI,CLT,361.0
OAK,ONT,362.0
ONT,OAK,362.0
PHL,CLE,363.0
CLE,PHL,363.0
ATL,CRW,363.0
DTW,EVV,363.0
EVV,DTW,363.0
ONT,SFO,363.0
SFO,ONT,363.0
CRW,ATL,363.0
DFW,SGF,364.0
SGF,DFW,364.0
TUS,LAS,365.0
LAS,TUS,365.0
ATL,DAB,366.0
DAB,ATL,366.0
PIT,CLT,366.0
CLT,PIT,366.0
LAS,SLC,368.0
TUS,SAN,368.0
DAY,IAD,368.0
SAN,TUS,368.0
IAD,DAY,368.0
SLC,LAS,368.0
BOS,BWI,369.0
BUR,PHX,369.0
BWI,BOS,369.0
PHX,BUR,369.0
LAX,PHX,370.0
PHX,LAX,370.0
MDT,DTW,371.0
DTW,MDT,371.0
OAK,SNA,371.0
SNA,OAK,371.0
SNA,SFO,372.0
PVD,IAD,372.0
IAD,PVD,372.0
SFO,SNA,372.0
MLI,DTW,373.0
RDU,TTN,373.0
ATL,CVG,373.0
CVG,ATL,373.0
SMF,LAX,373.0
LAX,SMF,373.0
DTW,MLI,373.0
TTN,RDU,373.0
MSN,CVG,373.0
CVG,MSN,373.0
IAH,LIT,374.0
SYR,DTW,374.0
DTW,SYR,374.0
LIT,IAH,374.0
BMI,MSP,375.0
MSP,BMI,375.0
TVC,MSP,376.0
IAH,GPT,376.0
MSP,TVC,376.0
GPT,IAH,376.0
ATL,ILM,377.0
MHT,BWI,377.0
ILM,ATL,377.0
BWI,MHT,377.0
DTW,BGM,378.0
LGA,BGR,378.0
BGR,LGA,378.0
BGM,DTW,378.0
EWR,CAK,382.0
CAK,EWR,382.0
GRR,STL,382.0
STL,GRR,382.0
IAD,DTW,383.0
BTR,DFW,383.0
DTW,IAD,383.0
DFW,BTR,383.0
IAD,GSP,384.0
GSP,IAD,384.0
BNA,MOB,385.0
LFT,BHM,385.0
BIS,MSP,386.0
SJC,LAS,386.0
LAS,SJC,386.0
MSP,BIS,386.0
SMF,LGB,387.0
SLC,BIL,387.0
BIL,SLC,387.0
LGB,SMF,387.0
IAD,CVG,388.0
CVG,IAD,388.0
SEA,MSO,389.0
MSO,SEA,389.0
RDU,CVG,390.0
CVG,RDU,390.0
SMF,ONT,390.0
ONT,SMF,390.0
RNO,LAX,391.0
BNA,PNS,391.0
DEN,COD,391.0
LAX,RNO,391.0
COD,DEN,391.0
PNS,BNA,391.0
SLC,DEN,391.0
DEN,SLC,391.0
BGR,EWR,393.0
MCI,MSP,393.0
MSP,MCI,393.0
STC,ORD,394.0
ORD,STC,394.0
BNA,MDW,395.0
MDW,BNA,395.0
IAH,OKC,395.0
BOS,BUF,395.0
OKC,IAH,395.0
BUF,BOS,395.0
DCA,GSP,396.0
LRD,DFW,396.0
DFW,LRD,396.0
GSP,DCA,396.0
CAK,LGA,397.0
SMF,LAS,397.0
DLH,ORD,397.0
ORD,DLH,397.0
LGA,CAK,397.0
LAS,SMF,397.0
ERI,ORD,398.0
ORD,ERI,398.0
BOS,DCA,399.0
DCA,BOS,399.0
MYR,BWI,399.0
BET,ANC,399.0
SEA,BOI,399.0
BOI,SEA,399.0
ATL,OAJ,399.0
OAJ,ATL,399.0
DTW,AVP,399.0
BWI,MYR,399.0
AVP,DTW,399.0
ANC,BET,399.0
CAE,IAD,401.0
ECP,BNA,401.0
BNA,ECP,401.0
IAD,CAE,401.0
MIA,TLH,402.0
PIT,MDW,402.0
SLC,HLN,402.0
HLN,SLC,402.0
MDW,PIT,402.0
TLH,MIA,402.0
CVG,MEM,403.0
MCI,ORD,403.0
MEM,CVG,403.0
ORD,MCI,403.0
SNA,SMF,404.0
EWR,CLE,404.0
ATL,MCO,404.0
CLE,EWR,404.0
MCO,ATL,404.0
SMF,SNA,404.0
DFW,GCK,404.0
GCK,DFW,404.0
ACK,DCA,405.0
DCA,DTW,405.0
DTW,DCA,405.0
MDW,MCI,405.0
DCA,ACK,405.0
MCI,MDW,405.0
TPA,ATL,406.0
BWI,DAY,406.0
DEN,JAC,406.0
ATL,TPA,406.0
JAC,DEN,406.0
DAY,BWI,406.0
LAS,OAK,407.0
OAK,LAS,407.0
JAN,DFW,408.0
MSP,GRR,408.0
DFW,JAN,408.0
GRR,MSP,408.0
DTW,BWI,409.0
CMH,STL,409.0
BNA,ORD,409.0
ORD,BNA,409.0
BWI,DTW,409.0
STL,CMH,409.0
GCC,SLC,410.0
SLC,GCC,410.0
COS,SLC,411.0
CVG,DCA,411.0
SLC,COS,411.0
MSP,SBN,411.0
SBN,MSP,411.0
DCA,CVG,411.0
SFO,OTH,412.0
OTH,SFO,412.0
CLT,MDT,413.0
IAD,BOS,413.0
BOS,IAD,413.0
CVG,RIC,413.0
RIC,CVG,413.0
MDT,CLT,413.0
ORD,PIT,413.0
PIT,ORD,413.0
LEX,DCA,414.0
SFO,LAS,414.0
LAS,SFO,414.0
DCA,LEX,414.0
OMA,ORD,416.0
CLT,DAB,416.0
DAB,CLT,416.0
CLE,RDU,416.0
ORD,CRW,416.0
CRW,ORD,416.0
ORD,OMA,416.0
EWR,RDU,416.0
RDU,CLE,416.0
RDU,EWR,416.0
SJC,SAN,417.0
SAN,SJC,417.0
MTJ,PHX,419.0
HOU,OKC,419.0
CLE,LGA,419.0
IAD,TYS,419.0
TYS,IAD,419.0
PHX,MTJ,419.0
LGA,CLE,419.0
OKC,HOU,419.0
DEN,ICT,420.0
ICT,DEN,420.0
PSP,SFO,421.0
SFO,PSP,421.0
SLC,RNO,422.0
RNO,SLC,422.0
DEN,LNK,423.0
DAL,MEM,423.0
MDW,OMA,423.0
LNK,DEN,423.0
OMA,MDW,423.0
MEM,DAL,423.0
MSY,ATL,425.0
PHX,BFL,425.0
DTW,ABE,425.0
BFL,PHX,425.0
ATL,MSY,425.0
CLE,JFK,425.0
JFK,CLE,425.0
ABE,DTW,425.0
AZO,MSP,426.0
MSP,AZO,426.0
GSP,BWI,426.0
BWI,GSP,426.0
TUL,AUS,426.0
CLT,IND,427.0
RDU,JFK,427.0
IAH,MOB,427.0
MOB,IAH,427.0
IND,CLT,427.0
JFK,RDU,427.0
IAH,TUL,429.0
TUL,IAH,429.0
IAH,MAF,429.0
MAF,IAH,429.0
BWI,CVG,430.0
DTW,CID,430.0
CLT,CLE,430.0
CID,DTW,430.0
CLE,CLT,430.0
CVG,BWI,430.0
LGA,RDU,431.0
RDU,LGA,431.0
DFW,MHK,431.0
MHK,DFW,431.0
MEM,DFW,431.2162447257384
DFW,MEM,431.2164730728617
DAY,ATL,432.0
IND,ATL,432.0
ATL,DAY,432.0
ATL,IND,432.0
ATL,EWN,433.0
EWN,ATL,433.0
ROW,DFW,435.0
DFW,ROW,435.0
MCI,MKE,436.0
MSO,SLC,436.0
MKE,MCI,436.0
DAL,MSY,436.0
ORD,SUX,436.0
SLC,MSO,436.0
MSY,DAL,436.0
SUX,ORD,436.0
GJT,PHX,438.0
PHX,GJT,438.0
ORD,SGF,438.0
XNA,IAH,438.0
IAH,XNA,438.0
SGF,ORD,438.0
CHS,BNA,439.0
BNA,CHS,439.0
DTW,STL,440.0
STL,DTW,440.0
IAD,BTV,441.0
HOU,MAF,441.0
CHS,IAD,441.0
BTV,IAD,441.0
IAD,CHS,441.0
MAF,HOU,441.0
BNA,RDU,442.0
RDU,BNA,442.0
MLB,ATL,442.0
ATL,MLB,442.0
TYS,DTW,443.0
DTW,TYS,443.0
ATL,SRQ,444.0
DCA,CHS,444.0
AUS,MSY,444.0
CHS,DCA,444.0
MSY,AUS,444.0
SRQ,ATL,444.0
GSO,EWR,445.0
EWR,GSO,445.0
OAK,SAN,446.0
SAN,OAK,446.0
DFW,MSY,447.0
SAN,SFO,447.0
ATL,CMH,447.0
MSY,DFW,447.0
SFO,SAN,447.0
CMH,ATL,447.0
BNA,CLE,448.0
BTR,ATL,448.0
STL,MSP,448.0
MLU,ATL,448.0
MSP,STL,448.0
ATL,MLU,448.0
CLE,BNA,448.0
ATL,BTR,448.0
MSP,MOT,449.0
MOT,MSP,449.0
CLT,PHL,449.0
PHL,CLT,449.0
EUG,SFO,451.0
IAD,SDF,451.0
SFO,EUG,451.0
IND,MCI,451.0
MCI,IND,451.0
LAX,TUS,451.0
TUS,LAX,451.0
SDF,IAD,451.0
BWI,PWM,452.0
FNT,BWI,452.0
PWM,BWI,452.0
BWI,FNT,452.0
DTW,PHL,453.0
TUL,HOU,453.0
HOU,TUL,453.0
LIT,ATL,453.0
PHL,DTW,453.0
ATL,LIT,453.0
MSP,LAN,455.0
PHX,SBA,455.0
DEN,BIL,455.0
SBA,PHX,455.0
LAN,MSP,455.0
BIL,DEN,455.0
LBB,DEN,456.0
DEN,LBB,456.0
DTW,BNA,456.0
RIC,DTW,456.0
LBE,MYR,456.0
MYR,LBE,456.0
BNA,DTW,456.0
DTW,RIC,456.0
CHO,ATL,457.0
ATL,CHO,457.0
LBB,IAH,458.0
IAH,LBB,458.0
IDA,DEN,458.0
DEN,IDA,458.0
BHM,TPA,459.0
LBE,ORD,459.0
ORD,LBE,459.0
TPA,BHM,459.0
MCI,DAL,460.0
GSO,DTW,460.0
MCI,DFW,460.0
DFW,MCI,460.0
DTW,GSO,460.0
DAL,MCI,460.0
LGA,GSO,461.0
GSO,LGA,461.0
SLC,LWS,461.0
LWS,SLC,461.0
OKC,STL,462.0
STL,OKC,462.0
BNA,PIT,462.0
SFO,RDM,462.0
PIT,BNA,462.0
FSD,ORD,462.0
RDM,SFO,462.0
PIB,DFW,462.0
ORD,FSD,462.0
EWR,CMH,463.0
SLC,GTF,463.0
CMH,EWR,463.0
MBS,MSP,463.0
MSP,MBS,463.0
GTF,SLC,463.0
DTW,TTN,464.0
TTN,DTW,464.0
ACY,MYR,466.0
ORD,LNK,466.0
LNK,ORD,466.0
MYR,ACY,466.0
CLT,MCO,468.0
MCO,CLT,468.0
MDW,BUF,468.0
MEM,IAH,468.0
IAH,MEM,468.0
BUF,MDW,468.0
MFE,DFW,469.0
DFW,MFE,469.0
CHS,FLL,470.0
FLL,CHS,470.0
MSY,BNA,471.0
BNA,MSY,471.0
DEN,OMA,472.0
BWI,CHS,472.0
OMA,DEN,472.0
CHS,BWI,472.0
PHL,MYR,473.0
MYR,PHL,473.0
ORD,BUF,473.29543419874665
BUF,ORD,473.3005319148936
RIC,BOS,474.0
SDF,DCA,474.0
LBB,HOU,474.0
HOU,LBB,474.0
DCA,SDF,474.0
BOS,RIC,474.0
ORD,TYS,475.0
TYS,ORD,475.0
IND,IAD,476.0
BDL,CLE,476.0
IAD,IND,476.0
CLE,BDL,476.0
RST,DTW,477.0
DTW,RST,477.0
SMF,PDX,479.0
BHM,MCO,479.0
LGA,CMH,479.0
DTW,SWF,479.0
PDX,SMF,479.0
CMH,LGA,479.0
MCO,BHM,479.0
SWF,DTW,479.0
MDW,MEM,480.0
MEM,MDW,480.0
SAN,SMF,480.0
SMF,SAN,480.0
DIK,MSP,481.0
RIC,ATL,481.0
MSP,DIK,481.0
ATL,RIC,481.0
BRO,DFW,482.0
PWM,DCA,482.0
DFW,BRO,482.0
FSD,LAR,482.0
DCA,PWM,482.0
CMH,JFK,483.0
DEN,FSD,483.0
FSD,DEN,483.0
JFK,CMH,483.0
JAX,BNA,483.0
BNA,JAX,483.0
TTN,CLT,484.0
MEM,HOU,484.0
HOU,MEM,484.0
ATL,STL,484.0
CLT,TTN,484.0
STL,ATL,484.0
MEI,DFW,485.0
DFW,MEI,485.0
LAS,ABQ,486.0
ABQ,LAS,486.0
STL,CLE,487.0
CLE,STL,487.0
SAN,RNO,488.0
MSY,TPA,488.0
DTW,EWR,488.0
EWR,DTW,488.0
MSP,FWA,488.0
DEN,DIK,488.0
PNS,HOU,488.0
RNO,SAN,488.0
DIK,DEN,488.0
HOU,PNS,488.0
TPA,MSY,488.0
FWA,MSP,488.0
MIA,CHS,489.0
DTW,ALB,489.0
IND,RDU,489.0
ALB,DTW,489.0
CHS,MIA,489.0
RAP,MSP,489.0
COU,DFW,489.0
RDU,IND,489.0
DFW,COU,489.0
PNS,IAH,489.0
MSP,RAP,489.0
IAH,PNS,489.0
MEM,ORD,491.0
MSP,FNT,491.0
FNT,MSP,491.0
BNA,MCI,491.0
ORD,MEM,491.0
MCI,BNA,491.0
SLC,ABQ,493.0
ABQ,SLC,493.0
FAT,PHX,493.0
PHX,FAT,493.0
MSY,SAT,494.0
SAT,MSY,494.0
BWI,SDF,495.0
SDF,BWI,495.0
DEN,OKC,495.0
OKC,DEN,495.0
PIT,BOS,496.0
BOS,PIT,496.0
ELP,SAT,496.0
SAT,ELP,496.0
DTW,ACY,497.0
ACY,DTW,497.0
ATL,AEX,500.0
CLT,DTW,500.0
LGA,ILM,500.0
ILM,LGA,500.0
DTW,CLT,500.0
GPT,DFW,500.0
DCA,IND,500.0
DFW,GPT,500.0
AEX,ATL,500.0
IND,DCA,500.0
ORD,MHK,501.0
ORD,CHA,501.0
FAT,SLC,501.0
CHA,ORD,501.0
IAD,GRR,501.0
SLC,FAT,501.0
IAH,HOB,501.0
RDU,DTW,501.0
HOB,IAH,501.0
DTW,RDU,501.0
MHK,ORD,501.0
LGA,DTW,502.0
DTW,LGA,502.0
IND,MSP,503.0
LFT,ATL,503.0
BRW,FAI,503.0
ATL,LFT,503.0
MSP,IND,503.0
CHA,DTW,505.0
DTW,HPN,505.0
DTW,CHA,505.0
HPN,DTW,505.0
SLC,PHX,507.0
CLT,TPA,507.0
PHX,SLC,507.0
TPA,CLT,507.0
RAP,SLC,508.0
SLC,RAP,508.0
PHF,ATL,508.0
GSP,DTW,508.0
DTW,GSP,508.0
ATL,FWA,508.0
ATL,PHF,508.0
FWA,ATL,508.0
SBP,PHX,509.0
PHX,SBP,509.0
DTW,JFK,509.0
JFK,DTW,509.0
HSV,ORD,510.0
ORD,HSV,510.0
MEM,CLT,511.0
CLT,MEM,511.0
OAK,BOI,511.75138888888887
BOI,OAK,511.75173370319004
RSW,ATL,515.0
IAD,SAV,515.0
ATL,RSW,515.0
SAV,IAD,515.0
BIS,DEN,516.0
BWI,IND,516.0
ORF,ATL,516.0
ATL,ORF,516.0
IND,BWI,516.0
DEN,BIS,516.0
SGU,DEN,517.0
DEN,SGU,517.0
IAH,AMA,517.0
AMA,IAH,517.0
LAS,BOI,519.0
BOI,LAS,519.0
PSC,SLC,521.0
SLC,PSC,521.0
SFO,BOI,522.0
ORD,XNA,522.0
XNA,ORD,522.0
BOI,SFO,522.0
ROC,MDW,523.0
MDW,ROC,523.0
BZN,DEN,524.0
DEN,BZN,524.0
SLC,RDM,525.0
RDM,SLC,525.0
ATL,PIT,526.0
PIT,ATL,526.0
AUS,ELP,528.0
CAK,ATL,528.0
BWI,GRR,528.0
MSP,DTW,528.0
ATL,CAK,528.0
ELP,AUS,528.0
DTW,MSP,528.0
VPS,IAH,528.0
GRR,BWI,528.0
SCE,ORD,528.0
IAH,VPS,528.0
ORD,SCE,528.0
ROC,ORD,528.0
ORD,ROC,528.0
ORF,DTW,529.0
MYR,FLL,529.0
CLT,EWR,529.0
DTW,ORF,529.0
EWR,CLT,529.0
FLL,MYR,529.0
PNS,MIA,530.0
MIA,PNS,530.0
ORD,ROA,531.0
ROA,ORD,531.0
FCA,SLC,531.0
SLC,FCA,531.0
BDL,RDU,532.0
SLC,SMF,532.0
TTN,CVG,532.0
CVG,TTN,532.0
SMF,SLC,532.0
RDU,BDL,532.0
MCI,DEN,533.0
EWR,DAY,533.0
BMI,ATL,533.0
ATL,BMI,533.0
DAY,EWR,533.0
DEN,MCI,533.0
DSM,DTW,533.7830687830688
DTW,DSM,533.8153153153153
IAD,ATL,534.0
MCO,RDU,534.0
RDU,MCO,534.0
ATL,IAD,534.0
MCI,DLH,536.0
AVL,ORD,536.0
ORD,AVL,536.0
DTW,BTV,537.0
BTV,DTW,537.0
MCI,CVG,539.0
ANC,OME,539.0
MOB,DFW,539.0
OME,ANC,539.0
DFW,MOB,539.0
CVG,MCI,539.0
TUL,DEN,541.0
SLC,PSP,541.0
JFK,CLT,541.0
CLT,JFK,541.0
DEN,TUL,541.0
PSP,SLC,541.0
ICT,IAH,542.0
BNA,IAD,542.0
GRK,MEI,542.0
IAD,BNA,542.0
IAH,ICT,542.0
SEA,BZN,543.0
OAK,PDX,543.0
PDX,OAK,543.0
BZN,SEA,543.0
MDW,LIT,544.0
LIT,MDW,544.0
LGA,CLT,544.0
CLT,LGA,544.0
PBI,ATL,545.0
MSP,ICT,545.0
ATL,PBI,545.0
ICT,MSP,545.0
MSP,ISN,546.0
ISN,MSP,546.0
DAL,STL,546.0
GEG,SLC,546.0
BUF,CLT,546.0
SLC,GEG,546.0
CLT,BUF,546.0
STL,DAL,546.0
DCA,ATL,547.0
ATL,DCA,547.0
ANC,OTZ,548.0
OTZ,ANC,548.0
LGA,DAY,549.0
BDL,DTW,549.0
DAY,LGA,549.0
BOS,CAK,549.0
CAK,BOS,549.0
DTW,BDL,549.0
PDX,SFO,550.0
EWR,MYR,550.0
DFW,STL,550.0
PHL,CHS,550.0
MYR,EWR,550.0
SFO,PDX,550.0
CHS,PHL,550.0
STL,DFW,550.0
SHV,ATL,551.0
DFW,SAF,551.0
ELP,DFW,551.0
ATL,SHV,551.0
MSY,MCO,551.0
MCO,MSY,551.0
DFW,ELP,551.0
SAF,DFW,551.0
ORD,LIT,552.0
LIT,ORD,552.0
BZN,PDX,554.0
CLE,ATL,554.0
DTW,HSV,554.0
PDX,BZN,554.0
ATL,CLE,554.0
HSV,DTW,554.0
CLE,MYR,557.0
MYR,CLE,557.0
ORD,FAR,557.0
SUN,DEN,557.0
FAR,ORD,557.0
DEN,SUN,557.0
ONT,SLC,558.0
SLC,ONT,558.0
MEM,AUS,559.0
AUS,MEM,559.0
DFW,GRI,561.0
GRI,DFW,561.0
MDW,GSP,562.0
ELP,DAL,562.0
XNA,CVG,562.0
IAH,BHM,562.0
CVG,XNA,562.0
DAL,ELP,562.0
GSP,MDW,562.0
BHM,IAH,562.0
DCA,BNA,562.0
BNA,DCA,562.0
MAF,DEN,563.0
SGF,ATL,563.0
CLE,BOS,563.0
MYR,LGA,563.0
DEN,MAF,563.0
BOS,CLE,563.0
DEN,ELP,563.0
LGA,MYR,563.0
ATL,SGF,563.0
ELP,DEN,563.0
PIA,ATL,565.0
ATL,PIA,565.0
ELM,ORD,566.0
ORD,ELM,566.0
ATL,SBN,566.0
SBN,ATL,566.0
ORD,CHO,566.7162162162163
CHO,ORD,566.7162162162163
SJC,PDX,569.0
CVG,EWR,569.0
RST,CLE,569.0
PDX,SJC,569.0
EWR,CVG,569.0
DFW,ABQ,569.0
ABQ,DFW,569.0
MDW,BHM,570.0
BHM,HOU,570.0
HOU,BHM,570.0
BHM,MDW,570.0
ANC,JNU,571.0
HOU,ECP,571.0
ECP,HOU,571.0
JNU,ANC,571.0
IAH,ECP,572.0
ECP,IAH,572.0
CLT,ROC,573.0
DEN,JMS,573.0
ROC,CLT,573.0
JMS,DEN,573.0
MSP,DAY,574.0
SLC,BUR,574.0
DAY,MSP,574.0
BUR,SLC,574.0
CLT,STL,575.0
STL,CLT,575.0
SLC,MFR,575.0
MFR,SLC,575.0
DEN,ISN,576.0
ISN,DEN,576.0
JAN,PIA,576.0
IAD,MDW,577.0
BWI,ATL,577.0
MDW,IAD,577.0
ATL,BWI,577.0
GSP,ORD,577.692225772098
ORD,GSP,577.6962962962963
FSM,ATL,579.0
ATL,FSM,579.0
DAL,ABQ,580.0
ABQ,DAL,580.0
FLL,ATL,581.0
ATL,FLL,581.0
ELP,LAS,583.0
EWR,AVL,583.0
DFW,OMA,583.0
TUL,MDW,583.0
MDW,TUL,583.0
LAS,ELP,583.0
AVL,EWR,583.0
OMA,DFW,583.0
ORD,BHM,584.0
MDW,CLT,584.0
CLT,MDW,584.0
SJC,SLC,584.0
SLC,SJC,584.0
BHM,ORD,584.0
LGA,CVG,585.0
ORD,TUL,585.0
CVG,LGA,585.0
OMA,DAL,585.0
DAL,OMA,585.0
TUL,ORD,585.0
BNA,BWI,587.0
BHM,DAL,587.0
SUN,SFO,587.0
DAL,BHM,587.0
RDU,TPA,587.0
TPA,RDU,587.0
SFO,SUN,587.0
BWI,BNA,587.0
PHL,IND,588.0
LGB,SLC,588.0
SLC,OAK,588.0
OAK,SLC,588.0
ICT,ORD,588.0
SLC,LGB,588.0
SLC,SNA,588.0
SNA,SLC,588.0
ORD,ICT,588.0
IND,PHL,588.0
ORD,IAD,588.7860861334595
IAD,ORD,588.7979957805907
GSO,ORD,589.0
CVG,JFK,589.0
ICT,MDW,589.0
XNA,ATL,589.0
ATL,XNA,589.0
DEN,DSM,589.0
JFK,CVG,589.0
DSM,DEN,589.0
MDW,ICT,589.0
ORD,GSO,589.0
CLT,PBI,590.0
SLC,LAX,590.0
LAX,SLC,590.0
PBI,CLT,590.0
MDW,ATL,591.0
ATL,MDW,591.0
CHS,ABE,592.0
COS,DFW,592.0
DFW,COS,592.0
MIA,ATL,594.0
DEN,HLN,594.0
ATL,MIA,594.0
ATL,DTW,594.0
DTW,ATL,594.0
GSP,EWR,594.0
EWR,GSP,594.0
ORD,MDT,594.0
MDT,ORD,594.0
HLN,DEN,594.0
CHS,CLE,595.0
CLE,CHS,595.0
HSV,IAH,595.0
IAH,HSV,595.0
HSV,IAD,596.0
XNA,MSP,596.0
AZO,ATL,596.0
MSP,CVG,596.0
IAD,HSV,596.0
MSP,XNA,596.0
ATL,AZO,596.0
CVG,MSP,596.0
DFW,BHM,597.0
BHM,DFW,597.0
MRY,PHX,598.0
PHX,MRY,598.0
ORD,CLT,599.0
CLT,ORD,599.0
SFO,SLC,599.0
SLC,SFO,599.0
RSW,CLT,600.0
CLT,RSW,600.0
PHX,RNO,601.0
RNO,PHX,601.0
TUS,SLC,601.0
DCA,MDW,601.0
MDW,DCA,601.0
SLC,TUS,601.0
PHX,DEN,602.0
DEN,PHX,602.0
CLT,SYR,603.0
SYR,CLT,603.0
DFW,HSV,603.0
HSV,DFW,603.0
DFW,PNS,604.0
LEX,LGA,604.0
LGA,LEX,604.0
MSY,STL,604.0
PNS,DFW,604.0
MSP,SDF,604.0
SDF,MSP,604.0
MOT,DEN,604.0
STL,MSY,604.0
DEN,MOT,604.0
GRR,EWR,605.0
SEA,SMF,605.0
EWR,GRR,605.0
SMF,SEA,605.0
ATL,ORD,606.0
ORD,ATL,606.0
SYR,ORD,607.0
ORD,SYR,607.0
GSP,LGA,610.0
DTW,MHT,610.0
MHT,DTW,610.0
TTN,IND,610.0
DTW,MEM,610.0
LGA,GSP,610.0
MEM,DTW,610.0
IND,TTN,610.0
BWI,MDW,611.0
MDW,BWI,611.0
DCA,ORD,612.0
ORD,DCA,612.0
TPA,BNA,612.0
BOS,RDU,612.0
BNA,TPA,612.0
RDU,BOS,612.0
DCA,HSV,613.0
HSV,DCA,613.0
MSP,TUL,615.0
TUL,MSP,615.0
ATL,SCE,615.0
SCE,ATL,615.0
PVD,DTW,615.0
DTW,PVD,615.0
MCO,BNA,616.0
XNA,DEN,616.0
DEN,XNA,616.0
BNA,MCO,616.0
CAE,LGA,617.0
LGA,CAE,617.0
SLC,EUG,618.0
GRR,LGA,618.0
EUG,SLC,618.0
LGA,GRR,618.0
PSC,SFO,620.0
ATL,MDT,620.0
SFO,PSC,620.0
MDT,ATL,620.0
SEA,JAC,621.0
JAC,SEA,621.0
SJC,PHX,621.0
PHX,SJC,621.0
BWI,ORD,622.0
ORD,BWI,622.0
CLE,MSP,622.0
MSP,CLE,622.0
MGM,DFW,622.0
DFW,MGM,622.0
BNA,DAL,623.0
DAL,BNA,623.0
DEN,GTF,624.0
DFW,DSM,624.0
GTF,DEN,624.0
DSM,DFW,624.0
BHM,DTW,625.0
DTW,BHM,625.0
FAT,PDX,626.0
MSP,CMH,626.0
SLC,SAN,626.0
CMH,MSP,626.0
SAN,SLC,626.0
PDX,FAT,626.0
FAR,DEN,627.0
ANC,SCC,627.0
SCC,ANC,627.0
DEN,FAR,627.0
EWR,CHS,628.0
DEN,LAS,628.0
LAS,DEN,628.0
ABQ,SAN,628.0
SAN,ABQ,628.0
CHS,EWR,628.0
DTW,MCI,629.0
MCI,DTW,629.0
IAD,JAX,630.0
SPI,DFW,630.0
PDX,SLC,630.0
DFW,SPI,630.0
SLC,PDX,630.0
JAX,IAD,630.0
DFW,BNA,631.0
LAN,ATL,631.0
ATL,LAN,631.0
EWR,TYS,631.0
TYS,EWR,631.0
BNA,DFW,631.0
CLT,FLL,631.7354158825743
FLL,CLT,631.7355154251317
RDU,MDW,632.0
BOS,DTW,632.0
ORD,AVP,632.0
DTW,BOS,632.0
AVP,ORD,632.0
MDW,RDU,632.0
MLI,ATL,633.0
ATL,MLI,633.0
STL,ECP,634.0
MKE,DCA,634.0
DCA,JAX,634.0
JAX,DCA,634.0
ECP,STL,634.0
DCA,MKE,634.0
CHS,JFK,636.0
MYR,DTW,636.0
DTW,MYR,636.0
JFK,CHS,636.0
GSP,MIA,637.0
DEN,SGF,637.0
MIA,GSP,637.0
SGF,DEN,637.0
EWR,SBN,637.0
SBN,EWR,637.0
DVL,DEN,638.0
TUS,DEN,639.0
DEN,TUS,639.0
BOS,CMH,640.0
ATL,GRR,640.0
CMH,BOS,640.0
GRR,ATL,640.0
DFW,VPS,641.0
DFW,DEN,641.0
BWI,MKE,641.0
MKE,BWI,641.0
VPS,DFW,641.0
LGA,CHS,641.0
DEN,DFW,641.0
CHS,LGA,641.0
SDF,EWR,642.0
EWR,SDF,642.0
DFW,EVV,642.0
RIC,ORD,642.0
EVV,DFW,642.0
ORD,RIC,642.0
MCI,IAH,643.0
IAH,MCI,643.0
CLT,BDL,644.0
TVC,EWR,644.0
BDL,CLT,644.0
EWR,TVC,644.0
EWR,IND,645.0
FNT,ATL,645.0
IND,EWR,645.0
ATL,FNT,645.0
CLT,ALB,646.0
ATL,EYW,646.0
ALB,CLT,646.0
EYW,ATL,646.0
RDU,ORD,646.0
ORD,RDU,646.0
PHX,OAK,646.0
OAK,PHX,646.0
SMF,PHX,647.0
TYS,LGA,647.0
LGA,TYS,647.0
PHX,SMF,647.0
DEN,BOI,649.0
BOI,DEN,649.0
CLT,MIA,650.0
MYR,IAG,650.0
IAG,MYR,650.0
MIA,CLT,650.0
MCI,AUS,650.0
MSP,LEX,650.0
LEX,MSP,650.0
DAL,DEN,651.0
MSY,CLT,651.0
DEN,DAL,651.0
CLT,MSY,651.0
SFO,PHX,651.0
DTW,OMA,651.0
PHX,SFO,651.0
OMA,DTW,651.0
ORD,ABE,654.2735849056604
ABE,ORD,654.2739541160594
MCO,ORF,655.0
TVC,LGA,655.0
ORF,MCO,655.0
LGA,TVC,655.0
TPA,MEM,655.0
MEM,TPA,655.0
BNA,IAH,657.0
IAH,BNA,657.0
IAD,UST,658.0
UST,IAD,658.0
LGA,SDF,659.0
SDF,LGA,659.0
LGA,IND,660.0
IND,LGA,660.0
CVG,BDL,661.0
BHM,MIA,661.0
BDL,CVG,661.0
MIA,BHM,661.0
JAX,BWI,663.0
BWI,JAX,663.0
SEA,BIL,664.0
BIL,SEA,664.0
IND,JFK,665.0
JFK,IND,665.0
PHL,ATL,666.0
MCI,HOU,666.0
HOU,MCI,666.0
ATL,PHL,666.0
MTJ,LAX,666.0
LAX,MTJ,666.0
CAE,ORD,666.7411944869832
ORD,CAE,666.7423312883435
MCO,RIC,667.0
IAH,ELP,667.0
ELP,IAH,667.0
DTW,CHS,667.0
RDU,STL,667.0
IAH,STL,667.0
STL,IAH,667.0
CHS,DTW,667.0
RIC,MCO,667.0
STL,RDU,667.0
PWM,DTW,668.0
MDW,PHL,668.0
DTW,PWM,668.0
PHL,MDW,668.0
MKE,ATL,669.0
ATL,MKE,669.0
HOU,BNA,670.0
BNA,HOU,670.0
OAK,SEA,671.778247393632
SEA,OAK,671.7787759685569
DFW,PIA,672.0
PIA,DFW,672.0
ECP,DAL,674.0
ATL,TUL,674.0
FLL,MSY,674.0
LAX,BOI,674.0
DRO,DFW,674.0
DAL,ECP,674.0
BOI,LAX,674.0
MSY,FLL,674.0
TUL,ATL,674.0
DFW,DRO,674.0
PHL,BNA,675.0
BNA,PHL,675.0
MIA,MSY,675.0
MSY,MIA,675.0
ELP,HOU,677.0
HOU,ELP,677.0
ORD,JAN,677.0
JAN,ORD,677.0
LAX,ABQ,677.0
ABQ,LAX,677.0
ORD,PHL,678.0
GUC,DFW,678.0
LGA,AGS,678.0
PHL,ORD,678.0
DFW,GUC,678.0
AGS,LGA,678.0
SFO,SEA,679.0
SEA,SFO,679.0
ATL,ACY,679.0
DEN,MSO,679.0
MSO,DEN,679.0
ACY,ATL,679.0
KTN,SEA,680.0
DEN,MSP,680.0
RDU,FLL,680.0
FLL,RDU,680.0
SEA,KTN,680.0
MSP,DEN,680.0
BWI,BHM,682.0
BHM,BWI,682.0
TTN,MDW,683.0
ATL,MBS,683.0
CLT,PVD,683.0
MDW,TTN,683.0
MBS,ATL,683.0
PVD,CLT,683.0
MCO,MEM,684.0
MEM,MCO,684.0
IAD,MSN,684.0
DFW,CID,685.0
CID,DFW,685.0
STL,HOU,687.0
HOU,STL,687.0
SEA,SLC,689.0
ATL,IAH,689.0
MSY,MCI,689.0
IAH,ATL,689.0
SLC,SEA,689.0
MCI,MSY,689.0
BMI,DFW,690.0
DFW,BMI,690.0
OKC,MDW,691.0
MDW,OKC,691.0
DFW,MLI,691.0
MLI,DFW,691.0
ATL,ABE,692.0
ATL,MCI,692.0
ABE,ATL,692.0
MCI,ATL,692.0
CID,DEN,692.0
DEN,CID,692.0
DFW,CMI,692.2479338842975
CMI,DFW,692.2479338842975
OKC,ORD,693.0
ORD,TTN,693.0
TTN,ORD,693.0
ORD,OKC,693.0
ATL,CID,694.0
MSP,OKC,694.0
OKC,MSP,694.0
CID,ATL,694.0
DFW,CHA,695.0
MSP,BNA,695.0
CHA,DFW,695.0
BNA,MSP,695.0
IAD,STL,696.0
HOU,ATL,696.0
ATL,HOU,696.0
STL,IAD,696.0
SEA,SJC,697.0
SJC,SEA,697.0
RDU,MIA,700.0
MEM,MSP,700.0
MIA,RDU,700.0
MSP,MEM,700.0
TTN,MKE,701.0
ASE,DFW,701.0
TTN,ATL,701.0
MKE,TTN,701.0
DFW,ASE,701.0
ATL,TTN,701.0
MDW,ORF,704.0
ORF,MDW,704.0
DTW,LIT,705.0
LIT,DTW,705.0
SAV,DTW,705.0
DTW,SAV,705.0
BNA,TTN,706.0
TTN,BNA,706.0
MSN,ATL,707.0
ATL,MSN,707.0
CLT,SGF,708.0
EWR,SAV,708.0
SGF,CLT,708.0
SAV,EWR,708.0
SAF,LAX,710.0
LAX,SAF,710.0
GSO,MIA,710.0
MIA,GSO,710.0
MDW,EWR,711.0
EWR,MDW,711.0
ATL,BUF,712.0
BUF,ATL,712.0
ATL,AVP,714.0
AVP,ATL,714.0
ELP,LAX,715.0
LAX,ELP,715.0
ORD,BIS,716.0
BIS,ORD,716.0
ELM,ATL,717.0
MDW,ALB,717.0
ORD,ORF,717.0
TPA,ORF,717.0
ALB,MDW,717.0
ORF,ORD,717.0
ATL,ELM,717.0
ORF,TPA,717.0
JFK,SAV,718.0
MCI,ABQ,718.0
ABQ,MCI,718.0
SAV,JFK,718.0
STL,DCA,719.0
DCA,STL,719.0
EWR,ORD,719.0
ORD,EWR,719.0
MCO,SDF,719.0
SDF,MCO,719.0
ACY,ORD,720.0
ORD,ACY,720.0
EGE,DFW,721.0
DFW,EGE,721.0
STL,AUS,721.0
ATL,DAL,721.0
AUS,STL,721.0
DAL,ATL,721.0
LGA,SAV,722.0
DFW,MTJ,722.0
SAV,LGA,722.0
RSW,BNA,722.0
MTJ,DFW,722.0
BNA,RSW,722.0
ALB,ORD,723.0
OAK,GEG,723.0
ORD,ALB,723.0
GEG,OAK,723.0
ANC,BRW,725.0
BRW,ANC,725.0
MDW,LGA,725.0
MKE,EWR,725.0
LGA,MDW,725.0
EWR,MKE,725.0
LAX,RDM,726.0
RDM,LAX,726.0
MSP,PIT,726.0
PIT,MSP,726.0
TPA,SDF,727.0
SDF,TPA,727.0
CLT,BOS,728.0
BOS,CLT,728.0
DFW,ATL,731.0
ATL,DFW,731.0
DFW,SDF,733.0
ORD,LGA,733.0
SDF,DFW,733.0
LGA,ORD,733.0
BUF,MSP,735.0
PHX,BOI,735.0
MSP,BUF,735.0
BOI,PHX,735.0
LAX,ASE,737.0
ASE,LAX,737.0
SFO,JAC,737.0
DFW,FSD,737.0
FSD,DFW,737.0
JAC,SFO,737.0
STL,BWI,738.0
LGA,MKE,738.0
ORD,HPN,738.0
MYR,BOS,738.0
BOS,MYR,738.0
MKE,LGA,738.0
BWI,STL,738.0
HPN,ORD,738.0
JFK,ORD,740.0
ORD,JFK,740.0
PHL,JAX,742.0
IAD,MEM,742.0
JAX,PHL,742.0
MEM,IAD,742.0
ATL,DSM,743.0
DSM,ATL,743.0
IAH,ABQ,744.0
ABQ,IAH,744.0
MDW,CHS,745.0
CHS,MDW,745.0
EWR,ATL,746.0
ATL,EWR,746.0
LAX,EGE,748.0
EUG,LAX,748.0
LAX,EUG,748.0
EWR,BNA,748.0
BNA,EWR,748.0
SEA,FAT,748.0
BIL,MSP,748.0
MSP,BIL,748.0
EGE,LAX,748.0
FAT,SEA,748.0
ATL,ROC,749.0
SAN,BOI,749.0
ROC,ATL,749.0
BOI,SAN,749.0
BGR,DTW,750.0
DTW,BGR,750.0
SFO,TUS,751.0
TUS,SFO,751.0
BOS,CVG,752.0
DEN,MLI,752.0
FCA,DEN,752.0
DEN,FCA,752.0
MLI,DEN,752.0
CVG,BOS,752.0
ORD,MYR,753.0
MYR,ORD,753.0
IND,DAL,755.0
DAL,IND,755.0
AUS,BNA,756.0
BNA,AUS,756.0
CVG,MCO,757.0
MCO,CVG,757.0
AMA,LAS,758.0
MCO,IAD,758.0
IAD,MCO,758.0
LAS,AMA,758.0
ABQ,HOU,759.0
DCA,MCO,759.0
HOU,ABQ,759.0
MCO,DCA,759.0
ATL,JFK,760.0
JFK,ATL,760.0
ORD,CHS,760.0
CHS,ORD,760.0
DFW,IND,761.0
IND,DFW,761.0
OKC,ATL,761.0
ATL,OKC,761.0
ATL,LGA,762.0
LGA,ATL,762.0
BTV,ORD,763.0
HDN,LAX,763.0
LAX,HDN,763.0
PDX,LAS,763.0
LAS,PDX,763.0
ORD,BTV,763.0
LGA,BNA,764.0
BNA,LGA,764.0
ATL,ATW,765.0
JFK,BNA,765.0
BNA,JFK,765.0
ATW,ATL,765.0
DFW,TLH,767.0
TLH,DFW,767.0
ATL,TVC,769.0
TVC,ATL,769.0
MSO,SFO,769.0
DFW,HDN,769.0
SFO,MSO,769.0
HDN,DFW,769.0
STL,DEN,770.0
DEN,STL,770.0
DEN,LIT,771.0
LIT,DEN,771.0
TYS,IAH,771.0
IAH,TYS,771.0
DFW,TYS,771.7471846846847
TYS,DFW,771.7474633596393
TPA,CVG,773.0
DFW,GJT,773.0
CVG,TPA,773.0
ORD,SAV,773.0
GJT,DFW,773.0
SAV,ORD,773.0
ATL,GRB,774.0
GRB,ATL,774.0
DEN,AUS,775.0
LBB,LAS,775.0
LAS,LBB,775.0
AUS,DEN,775.0
DEN,PSP,776.0
PSP,DEN,776.0
BDL,MDW,777.0
MDW,BDL,777.0
MOB,ORD,778.7484076433121
ORD,MOB,778.7507987220447
RAP,ORD,779.0
ORD,RAP,779.0
ATL,HPN,780.0
DEN,MMH,780.0
HPN,ATL,780.0
MMH,DEN,780.0
TPA,HOU,781.0
HOU,TPA,781.0
IAH,OMA,781.0
MDW,PNS,781.0
OMA,IAH,781.0
PNS,MDW,781.0
ICT,ATL,782.0
ATL,ICT,782.0
ORD,BDL,783.0
BDL,ORD,783.0
MSP,ROC,783.0
ROC,MSP,783.0
PDX,SBA,784.0
LAX,JAC,784.0
JAC,LAX,784.0
SBA,PDX,784.0
DFW,LEX,785.0
LEX,DFW,785.0
STL,SAT,786.0
SAT,STL,786.0
MCO,BWI,787.0
BWI,MCO,787.0
TPA,IAH,787.0
MEM,BWI,787.0
BWI,MEM,787.0
IAH,TPA,787.0
IAH,SDF,788.0
MSP,EGE,788.0
SDF,IAH,788.0
EGE,MSP,788.0
DTW,TUL,789.0
TUL,DTW,789.0
MTJ,SFO,791.0
SFO,MTJ,791.0
DEN,SHV,792.0
SHV,DEN,792.0
BNA,FLL,793.0
DEN,PIA,793.0
DAL,MDW,793.0
MDW,DAL,793.0
PIA,DEN,793.0
FLL,BNA,793.0
ORD,PNS,794.0
SYR,ATL,794.0
DEN,SAT,794.0
ATL,SYR,794.0
SAT,DEN,794.0
PNS,ORD,794.0
MAF,LAS,795.0
LAS,MAF,795.0
ECP,BWI,798.0
BWI,ECP,798.0
MSN,EWR,799.0
EWR,MSN,799.0
TTN,UST,801.0
TYS,CLL,801.0
UST,TTN,801.0
PIA,IAH,802.0
DFW,ORD,802.0
IAH,DSM,802.0
CMH,MCO,802.0
MCO,CMH,802.0
ORF,MIA,802.0
DSM,IAH,802.0
MIA,ORF,802.0
ORD,DFW,802.0
IAH,PIA,802.0
ASE,MSP,802.0
MSP,ASE,802.0
GRK,ATL,803.0
ATL,GRK,803.0
DEN,RNO,804.0
RNO,DEN,804.0
FLL,RIC,805.0
RIC,FLL,805.0
MIA,BNA,806.0
BNA,MIA,806.0
GEG,LAS,806.0
MSY,CMH,806.0
LAS,GEG,806.0
BZN,SFO,807.0
SFO,BZN,807.0
MCO,DAY,808.0
DAY,MCO,808.0
MCI,CLT,808.0
CLT,MCI,808.0
COS,IAH,809.0
IAH,COS,809.0
MYR,PBG,811.0
PBG,MYR,811.0
IAD,TPA,811.0
TPA,IAD,811.0
CVG,DFW,812.0
MSN,LGA,812.0
DFW,CVG,812.0
LGA,MSN,812.0
ATL,AUS,813.0
DTW,JAX,813.0
PWM,CLT,813.0
CLT,PWM,813.0
JAX,DTW,813.0
AUS,ATL,813.0
DFW,TUS,813.0
TUS,DFW,813.0
STL,PHL,814.0
TPA,DCA,814.0
PHL,STL,814.0
DCA,TPA,814.0
DCA,PNS,816.0
PNS,DCA,816.0
HOU,JAX,816.0
JAX,HOU,816.0
BUR,PDX,817.0
IAH,JAX,817.0
JAX,IAH,817.0
PDX,BUR,817.0
BOS,IND,818.0
CHS,BOS,818.0
BOS,CHS,818.0
IND,BOS,818.0
DEN,ONT,819.0
ONT,DEN,819.0
EWR,JAX,820.0
JAX,EWR,820.0
IAH,AGS,821.0
MSN,DFW,821.0
DFW,MSN,821.0
OMA,ATL,821.0
ATL,OMA,821.0
BNA,SAT,822.0
SAT,BNA,822.0
MCO,LBE,824.0
LBE,MCO,824.0
MDW,MSY,825.0
RIC,MIA,825.0
MIA,RIC,825.0
MSY,MDW,825.0
DEN,MSN,826.0
MSN,DEN,826.0
TPA,DAY,828.0
JAX,JFK,828.0
IAH,LEX,828.0
LEX,IAH,828.0
JFK,JAX,828.0
DAY,TPA,828.0
IND,MCO,829.0
MCO,IND,829.0
CMH,TPA,829.0
TPA,CMH,829.0
ATL,RST,831.0
RST,ATL,831.0
JAX,LGA,833.0
COS,LAX,833.0
PHX,OKC,833.0
LGA,JAX,833.0
OKC,PHX,833.0
LAX,COS,833.0
MCO,PIT,834.0
DEN,BMI,834.0
BMI,DEN,834.0
PIT,MCO,834.0
LAX,PDX,834.0
PDX,LAX,834.0
RAP,DFW,835.0
DFW,RAP,835.0
DEN,GEG,836.0
GEG,DEN,836.0
IND,TPA,837.0
IAH,GSP,837.0
TPA,IND,837.0
STL,TTN,837.0
MSY,ORD,837.0
TTN,STL,837.0
GSP,IAH,837.0
ORD,MSY,837.0
SFO,HDN,838.0
PDX,ONT,838.0
MHT,MDW,838.0
HDN,SFO,838.0
MDW,MHT,838.0
ONT,PDX,838.0
SLC,OMA,840.0
OMA,SLC,840.0
MCO,ILG,841.0
ILG,MCO,841.0
LNK,ATL,841.0
ATL,LNK,841.0
MDW,PVD,842.0
TPA,BWI,842.0
BWI,TPA,842.0
PVD,MDW,842.0
ORD,MHT,843.0
SAT,PHX,843.0
MHT,ORD,843.0
PHX,SAT,843.0
IND,IAH,844.0
DEN,FAT,844.0
FAT,DEN,844.0
IAH,IND,844.0
BFL,DEN,845.0
GSP,HOU,845.0
DEN,BFL,845.0
HOU,GSP,845.0
DEN,SNA,846.0
SNA,DEN,846.0
PDX,LGB,846.0
LGB,PDX,846.0
SFO,ASE,848.0
ASE,SFO,848.0
MDW,JAX,849.0
ORD,PVD,849.0
PVD,ORD,849.0
HOU,MCO,849.0
JAX,MDW,849.0
MCO,HOU,849.0
DEN,BUR,850.0
MKE,DAL,850.0
BUR,DEN,850.0
DAL,MKE,850.0
MCO,MDT,851.0
MDT,MCO,851.0
IAH,SAV,851.0
SAV,IAH,851.0
ACY,MCO,852.0
MSP,DFW,852.0
MCO,ACY,852.0
DEN,PSC,852.0
PSC,DEN,852.0
DFW,MSP,852.0
ATL,ALB,853.0
RSW,HOU,853.0
MKE,DFW,853.0
SAN,DEN,853.0
DEN,SAN,853.0
DFW,MKE,853.0
HOU,RSW,853.0
ALB,ATL,853.0
MCO,IAH,854.0
IAH,MCO,854.0
PBI,DCA,857.0
DCA,PBI,857.0
BDL,ATL,859.0
SNA,PDX,859.0
MIA,MEM,859.0
ATL,BDL,859.0
PBI,IAD,859.0
IAD,PBI,859.0
MEM,MIA,859.0
DFW,FWA,859.0
PDX,SNA,859.0
FWA,DFW,859.0
MSP,SYR,860.0
SYR,MSP,860.0
MKE,BOS,860.0
BOS,MKE,860.0
PHL,MCO,861.0
HOU,IND,861.0
DAY,DFW,861.0
SIT,SEA,861.0
MDW,BOS,861.0
IND,HOU,861.0
MCO,PHL,861.0
RSW,IAH,861.0
CAK,MCO,861.0
DFW,DAY,861.0
BOS,MDW,861.0
SEA,SIT,861.0
IAH,RSW,861.0
MCO,CAK,861.0
IAH,DEN,862.0
DEN,IAH,862.0
DEN,LAX,862.0
LAX,DEN,862.0
DFW,GSP,862.0
GSP,DFW,862.0
JAX,ORD,864.0
ORD,JAX,864.0
BHM,LGA,866.0
LGA,BHM,866.0
SLC,FAR,866.0
OKC,SLC,866.0
TPA,LBE,866.0
LBE,TPA,866.0
FAR,SLC,866.0
SLC,OKC,866.0
ORD,BOS,867.0
SEA,LAS,867.0
LAS,SEA,867.0
BOS,ORD,867.0
PHX,DFW,868.0
DFW,PHX,868.0
STL,TPA,869.0
TPA,STL,869.0
IAH,CVG,871.0
CVG,IAH,871.0
EWR,STL,872.0
MSP,JAC,872.0
STL,EWR,872.0
PHX,AUS,872.0
DEN,MEM,872.0
AUS,PHX,872.0
JAC,MSP,872.0
MEM,DEN,872.0
PSP,PDX,873.0
PIT,TPA,873.0
PDX,PSP,873.0
TPA,PIT,873.0
ATL,SAT,874.0
MSP,BZN,874.0
BZN,MSP,874.0
SAT,ATL,874.0
CRP,ATL,876.0
CAE,IAH,878.0
IAH,CAE,878.0
PHX,DAL,879.0
CVG,RSW,879.0
DAL,PHX,879.0
RSW,CVG,879.0
MCO,STL,882.0
STL,MCO,882.0
BWI,PBI,883.0
PBI,BWI,883.0
DEN,HOU,883.0
HOU,DEN,883.0
IAH,GUC,886.0
GUC,IAH,886.0
MSP,GTF,887.0
GTF,MSP,887.0
ORD,DEN,888.0
STL,LGA,888.0
DEN,ORD,888.0
LGA,STL,888.0
ABQ,OAK,889.0
OAK,ABQ,889.0
SEA,HDN,891.0
HDN,SEA,891.0
IAD,RSW,891.0
RSW,IAD,891.0
DCA,RSW,892.0
RSW,DCA,892.0
TPA,CAK,894.0
CAK,TPA,894.0
PWM,MDW,895.0
MCO,CLE,895.0
MDW,PWM,895.0
MDW,DEN,895.0
CLE,MCO,895.0
DEN,MDW,895.0
MKE,DEN,896.0
MCO,TTN,896.0
SFO,ABQ,896.0
DEN,MKE,896.0
TTN,MCO,896.0
ABQ,SFO,896.0
RDM,DEN,898.0
DEN,RDM,898.0
FLL,DCA,899.0
ILG,TPA,899.0
TPA,ILG,899.0
DCA,FLL,899.0
ORD,PWM,900.0
OKC,DTW,900.0
PWM,ORD,900.0
DTW,OKC,900.0
IAD,FLL,901.0
SAV,BOS,901.0
BOS,SAV,901.0
FLL,IAD,901.0
BZN,LAX,902.0
LAX,BZN,902.0
ATL,PVD,903.0
PVD,ATL,903.0
MSY,MKE,903.0
MKE,MSY,903.0
ATL,MSP,907.0
MSP,ATL,907.0
SEA,SBA,908.0
IAD,MSP,908.0
SBA,SEA,908.0
MSP,IAD,908.0
DEN,SMF,909.0
SEA,JNU,909.0
SMF,DEN,909.0
JNU,SEA,909.0
COS,ORD,911.0
ORD,COS,911.0
LIT,BWI,912.0
BWI,LIT,912.0
IAH,CLT,912.0
CLT,IAH,912.0
TPA,ACY,913.0
IAH,ASE,913.0
ASE,IAH,913.0
HLN,MSP,913.0
MSP,HLN,913.0
ACY,TPA,913.0
DEN,SBA,916.0
SBA,DEN,916.0
TPA,DAL,917.0
DAL,TPA,917.0
JAX,DFW,918.0
DFW,JAX,918.0
MIA,DCA,919.0
DAL,CMH,919.0
DCA,MIA,919.0
RSW,BWI,919.0
CMH,DAL,919.0
BWI,RSW,919.0
MCI,SLC,920.0
HOU,CLT,920.0
TPA,PHL,920.0
CLT,HOU,920.0
PHL,TPA,920.0
SLC,MCI,920.0
MIA,IAD,921.0
IAD,MIA,921.0
DFW,CAE,922.0
CAE,DFW,922.0
FLL,BWI,925.0
DFW,SAV,925.0
BWI,FLL,925.0
ORD,IAH,925.0
CHS,IAH,925.0
IAH,ORD,925.0
SAV,DFW,925.0
IAH,CHS,925.0
CMH,DFW,926.0
MSY,DTW,926.0
SLC,TUL,926.0
MCI,IAD,926.0
DAL,CLT,926.0
IAD,MCI,926.0
CLT,DAL,926.0
TUL,SLC,926.0
DFW,CMH,926.0
DTW,MSY,926.0
TPA,CLE,927.0
MTJ,IAH,927.0
CLE,TPA,927.0
IAH,MTJ,927.0
AUS,TPA,928.0
HOU,CHS,928.0
TPA,AUS,928.0
CHS,HOU,928.0
TPA,DFW,929.0
DFW,TPA,929.0
RSW,CMH,930.0
CMH,RSW,930.0
MSP,CLT,930.0
CLT,MSP,930.0
GRR,DFW,931.0
DCA,MSP,931.0
MSP,DCA,931.0
DFW,GRR,931.0
FLL,CVG,932.0
BOS,MSN,932.0
MSN,BOS,932.0
CVG,FLL,932.0
PDX,SAN,933.0
SAN,PDX,933.0
EGE,IAH,934.0
IAH,EGE,934.0
PHX,TUL,935.0
TUL,PHX,935.0
BMI,MCO,936.0
MSP,BWI,936.0
IAH,TUS,936.0
ACY,PBI,936.0
DFW,CLT,936.0
PBI,ACY,936.0
TUS,IAH,936.0
MCO,BMI,936.0
CLT,DFW,936.0
BWI,MSP,936.0
HOU,MDW,937.0
MDW,HOU,937.0
MCO,EWR,937.0
EWR,MCO,937.0
BUR,SEA,937.0
SEA,BUR,937.0
IDA,MSP,939.0
MSP,IDA,939.0
BNA,BOS,942.0
BOS,BNA,942.0
MCO,JFK,944.0
JFK,MCO,944.0
LAX,GEG,945.0
TUS,HOU,945.0
IND,RSW,945.0
HOU,TUS,945.0
RSW,IND,945.0
GEG,LAX,945.0
MEM,EWR,946.0
EWR,MEM,946.0
BWI,MIA,946.0
BOS,ATL,946.0
MIA,BWI,946.0
ATL,BOS,946.0
CRW,DFW,946.0
DFW,CRW,946.0
DEN,SJC,948.0
CVG,MIA,948.0
MIA,CVG,948.0
SJC,DEN,948.0
DCA,MCI,949.0
MCI,DCA,949.0
LGA,MCO,950.0
MCO,LGA,950.0
PHL,PBI,951.0
PBI,PHL,951.0
ATL,MHT,952.0
PIT,PBI,952.0
PBI,PIT,952.0
MHT,ATL,952.0
SBN,IAH,953.0
FSD,ATL,954.0
SEA,LAX,954.0
LAS,BLI,954.0
ATL,FSD,954.0
BLI,LAS,954.0
LAX,SEA,954.0
DSM,SLC,955.0
SLC,DSM,955.0
TTN,TPA,955.0
TPA,TTN,955.0
MSY,IAD,955.0
IAD,MSY,955.0
LBE,RSW,956.0
RSW,LBE,956.0
ONT,SEA,956.0
PBI,IAH,956.0
IAH,PBI,956.0
SEA,ONT,956.0
DTW,MCO,957.0
OAK,DEN,957.0
FLL,HOU,957.0
MCO,DTW,957.0
HOU,FLL,957.0
DEN,OAK,957.0
BTV,ATL,961.0
ATL,BTV,961.0
MEM,LGA,963.0
LGA,MEM,963.0
COS,SFO,964.0
MFR,DEN,964.0
SFO,COS,964.0
DEN,MFR,964.0
IAH,MIA,964.0
MIA,IAH,964.0
LGB,SEA,965.0
SEA,LGB,965.0
FLL,IAH,965.740631163708
IAH,FLL,965.7414898865318
RSW,PIT,966.0
MSN,IAH,966.0
IAH,MSN,966.0
PIT,RSW,966.0
DEN,SFO,967.0
SFO,DEN,967.0
BWI,MCI,967.0
MCI,BWI,967.0
FAR,DFW,968.0
DFW,FAR,968.0
MSY,DCA,969.0
DCA,MSY,969.0
RIC,MSP,970.0
MSP,RIC,970.0
MCO,ISP,971.0
ISP,MCO,971.0
HPN,MCO,972.0
TPA,SAT,972.0
SAT,TPA,972.0
AUS,MDW,972.0
MDW,AUS,972.0
MCO,HPN,972.0
MCO,DAL,973.0
DAL,MCO,973.0
FLL,CMH,973.0
CMH,FLL,973.0
CRW,IAH,975.0
IAH,CRW,975.0
CHS,DAL,977.0
ACY,FLL,977.0
IND,DEN,977.0
DEN,IND,977.0
BIS,DFW,977.0
DAL,CHS,977.0
FLL,ACY,977.0
DFW,BIS,977.0
ORD,AUS,977.7322580645161
AUS,ORD,977.748502994012
LFT,DEN,978.0
DEN,LFT,978.0
SNA,SEA,978.0
SEA,SNA,978.0
GJT,IAH,979.0
RSW,STL,979.0
STL,RSW,979.0
IAH,GJT,979.0
FLL,LBE,980.0
ALB,MSP,980.0
MSP,RDU,980.0
PHL,MSP,980.0
MSP,ALB,980.0
RDU,MSP,980.0
LBE,FLL,980.0
MSP,PHL,980.0
DAL,DTW,981.0
DTW,DAL,981.0
ABQ,MSP,981.0
MSP,ABQ,981.0
RSW,ACY,982.0
ACY,RSW,982.0
BQN,FLL,982.2146892655368
FLL,BQN,982.2191011235955
DTW,TPA,983.0
TPA,DTW,983.0
MKE,IAH,984.0
IAH,MKE,984.0
BTR,DCA,985.0
TTN,PBI,985.0
DFW,MCO,985.0
IAH,HDN,985.0
MCO,DFW,985.0
HDN,IAH,985.0
PBI,TTN,985.0
DCA,BTR,985.0
LAS,OKC,986.0
LAS,ICT,986.0
OKC,LAS,986.0
CMH,IAH,986.0
DTW,DFW,986.0
ICT,LAS,986.0
DFW,DTW,986.0
IAH,CMH,986.0
PSP,SEA,987.0
SEA,PSP,987.0
CHS,DFW,987.0
DFW,CHS,987.0
DFW,SLC,989.0
SLC,DFW,989.0
SWF,MCO,989.0
TTN,MSP,989.0
MSP,TTN,989.0
MCO,SWF,989.0
CMH,MIA,990.0
MIA,CMH,990.0
SBN,COS,990.0
MCO,MDW,990.0
MDW,MCO,990.0
MSP,SLC,991.0
SLC,MSP,991.0
DEN,PDX,991.0
PDX,DEN,991.0
CAK,RSW,991.0
RSW,CAK,991.0
FLL,PHL,992.0
PHL,FLL,992.0
PHL,RSW,993.0
RSW,PHL,993.0
MCO,AUS,994.0
FLL,PIT,994.0
PIT,FLL,994.0
AUS,MCO,994.0
DEN,EUG,996.0
EUG,DEN,996.0
MDW,TPA,997.0
EWR,TPA,997.0
TPA,MDW,997.0
TPA,EWR,997.0
BWI,MSY,998.0
MSY,BWI,998.0
SLC,DAL,999.0
GSO,DFW,999.0
DFW,GSO,999.0
DAL,SLC,999.0
XNA,SLC,1004.0
SLC,XNA,1004.0
IND,FLL,1005.0
TPA,JFK,1005.0
ORD,MCO,1005.0
FLL,IND,1005.0
MCO,ORD,1005.0
JFK,TPA,1005.0
ORD,EGE,1007.0
EGE,ORD,1007.0
EWR,MSP,1008.0
MSP,EWR,1008.0
PHX,IAH,1009.0
PDX,PHX,1009.0
HDN,ORD,1009.0
PHX,PDX,1009.0
ORD,HDN,1009.0
IAH,PHX,1009.0
TPA,LGA,1010.0
JAX,BOS,1010.0
BOS,JAX,1010.0
LGA,TPA,1010.0
MCO,FNT,1011.0
FNT,MCO,1011.0
MCO,BUF,1011.0
BUF,MCO,1011.0
TPA,ORD,1012.0
ORD,TPA,1012.0
OMA,DCA,1012.0
PHL,MIA,1013.0
MSO,MSP,1013.0
MIA,PHL,1013.0
ORD,ASE,1013.0
MSP,MSO,1013.0
ASE,ORD,1013.0
DEN,BNA,1014.0
BNA,DEN,1014.0
GRR,DEN,1015.0
DEN,GRR,1015.0
DSM,EWR,1017.0
DFW,RSW,1017.0
EWR,DSM,1017.0
RSW,DFW,1017.0
CHS,OKC,1020.0
MSP,LGA,1020.0
GEG,PHX,1020.0
PHX,GEG,1020.0
PHX,HOU,1020.0
HOU,PHX,1020.0
LGA,MSP,1020.0
CLE,DFW,1021.0
DFW,CLE,1021.0
DTW,SRQ,1022.0
SRQ,DTW,1022.0
PBI,EWR,1023.0
EWR,PBI,1023.0
DEN,SDF,1024.0
DEN,SEA,1024.0
SEA,DEN,1024.0
GRR,MCO,1024.0
SDF,DEN,1024.0
MCO,GRR,1024.0
RSW,CLE,1025.0
CLE,RSW,1025.0
FCA,MSP,1026.0
TTN,FLL,1026.0
MSP,FCA,1026.0
FLL,TTN,1026.0
PWM,ATL,1027.0
TUL,IAD,1027.0
ATL,PWM,1027.0
IAD,TUL,1027.0
PBI,JFK,1028.0
RSW,TTN,1028.0
TTN,RSW,1028.0
JFK,PBI,1028.0
MSP,JFK,1029.0
JFK,MSP,1029.0
LGA,DSM,1031.0
ORD,GUC,1031.0
GUC,ORD,1031.0
DSM,LGA,1031.0
AUS,CLT,1032.0
CLT,AUS,1032.0
TPA,HPN,1032.0
HPN,TPA,1032.0
MCO,ROC,1033.0
ROC,MCO,1033.0
ISP,TPA,1034.0
SRQ,EWR,1034.0
TPA,ISP,1034.0
IAH,MSP,1034.0
MSP,IAH,1034.0
EWR,SRQ,1034.0
LGA,PBI,1035.0
PBI,LGA,1035.0
SAT,MDW,1036.0
FNT,TPA,1036.0
TPA,FNT,1036.0
MDW,SAT,1036.0
OMA,PHX,1037.0
PHX,OMA,1037.0
MSP,MSY,1039.0
MSY,MSP,1039.0
OTH,DEN,1040.0
DEN,OTH,1040.0
JFK,SRQ,1041.0
SAT,MCO,1041.0
MCO,SAT,1041.0
GRR,TPA,1041.0
ORD,SAT,1041.0
SRQ,JFK,1041.0
TPA,GRR,1041.0
SAT,ORD,1041.0
AUS,MSP,1042.0
MSP,AUS,1042.0
IAH,GRR,1042.0
RDU,IAH,1042.0
IAH,RDU,1042.0
GRR,IAH,1042.0
MCI,PHX,1044.0
PHX,MCI,1044.0
ORF,MSP,1045.0
MSP,ORF,1045.0
MIA,SJU,1045.0
SJU,MIA,1045.0
SJU,FLL,1046.0
FLL,SJU,1046.0
BOS,STL,1047.0
SWF,TPA,1047.0
STL,BOS,1047.0
SRQ,LGA,1047.0
JAC,DFW,1047.0
DFW,JAC,1047.0
LGA,SRQ,1047.0
DEN,HSV,1048.0
MCI,TPA,1048.0
DFW,MYR,1048.0
TPA,MCI,1048.0
HSV,DEN,1048.0
MYR,DFW,1048.0
ORD,SRQ,1050.0
BDL,MSP,1050.0
MCO,BDL,1050.0
RDU,HOU,1050.0
SRQ,ORD,1050.0
HOU,RDU,1050.0
SEA,SAN,1050.0
SAN,SEA,1050.0
BDL,MCO,1050.0
MSP,BDL,1050.0
DAL,RDU,1052.0
PBI,ISP,1052.0
RDU,DAL,1052.0
ISP,PBI,1052.0
BUF,TPA,1053.0
MCO,SYR,1053.0
SYR,MCO,1053.0
TPA,BUF,1053.0
LAS,DFW,1055.0
DFW,LAS,1055.0
PBI,HPN,1056.0
HPN,PBI,1056.0
FLL,STL,1056.5857418111752
STL,FLL,1056.5896946564885
RAP,IAH,1058.0
IAH,RAP,1058.0
BIL,ORD,1060.0
DAL,PIT,1060.0
PIT,DAL,1060.0
ORD,BIL,1060.0
DFW,RDU,1061.0
RDU,DFW,1061.0
MSY,DEN,1062.0
FLL,CLE,1062.0
DEN,MSY,1062.0
CLE,FLL,1062.0
EWR,FLL,1065.0
FLL,EWR,1065.0
MCO,MKE,1066.0
MKE,MCO,1066.0
PIT,DFW,1067.0
DAL,LAS,1067.0
LAS,DAL,1067.0
DFW,PIT,1067.0
MIA,STL,1068.0
COS,SEA,1068.0
RSW,EWR,1068.0
STL,MIA,1068.0
SEA,COS,1068.0
EWR,RSW,1068.0
SAT,LAS,1069.0
DEN,CVG,1069.0
FLL,JFK,1069.0
LAS,SAT,1069.0
JFK,FLL,1069.0
CVG,DEN,1069.0
MCO,PVD,1072.0
PVD,MCO,1072.0
MCO,MCI,1072.0
MCI,MCO,1072.0
ALB,MCO,1073.0
MCO,ALB,1073.0
JFK,RSW,1074.0
RSW,JFK,1074.0
DTW,IAH,1075.0
MKE,TPA,1075.0
TPA,MKE,1075.0
IAH,DTW,1075.0
LGA,FLL,1076.0
FLL,LGA,1076.0
TUL,LAS,1076.0
LAS,TUL,1076.0
ORD,COD,1077.0
SWF,PBI,1077.0
COD,ORD,1077.0
TPA,ROC,1079.0
ROC,TPA,1079.0
LGA,RSW,1080.0
MIA,CLE,1080.0
RSW,LGA,1080.0
CLE,MIA,1080.0
ORD,MTJ,1081.0
MTJ,ORD,1081.0
DEN,BHM,1083.0
BHM,DEN,1083.0
RSW,DTW,1084.0
DTW,RSW,1084.0
MIA,EWR,1085.0
DAY,DEN,1085.0
DEN,DAY,1085.0
LIT,LGA,1085.0
LGA,LIT,1085.0
EWR,MIA,1085.0
PBI,DTW,1086.0
AUS,SLC,1086.0
DTW,PBI,1086.0
SLC,AUS,1086.0
SLC,SAT,1087.0
SAT,SLC,1087.0
JFK,MIA,1089.0
PHL,MSY,1089.0
MIA,JFK,1089.0
MSY,PHL,1089.0
LAS,AUS,1090.0
AUS,LAS,1090.0
CLE,IAH,1091.0
IAH,CLE,1091.0
MCO,ORH,1091.0
ORH,MCO,1091.0
MCI,EWR,1092.0
FLL,ISP,1092.0
ISP,FLL,1092.0
EWR,MCI,1092.0
SAT,CLT,1095.0
CLT,SAT,1095.0
LGA,MIA,1096.0
MIA,LGA,1096.0
MSP,SAT,1097.0
FLL,HPN,1097.0
HPN,FLL,1097.0
SAT,MSP,1097.0
OMA,LAS,1099.0
LAS,OMA,1099.0
ORD,GJT,1100.0
RSW,ISP,1101.0
ISP,RSW,1101.0
HPN,RSW,1102.0
RSW,HPN,1102.0
PBI,DFW,1102.0
DFW,PBI,1102.0
AUS,MIA,1103.0
MIA,AUS,1103.0
FLL,AUS,1105.0
MDW,RSW,1105.0
AUS,FLL,1105.0
RSW,MDW,1105.0
STT,MIA,1107.0
MIA,STT,1107.0
MCI,LGA,1107.0
SEA,PHX,1107.0
PHX,SEA,1107.0
FLL,STT,1107.0
LGA,MCI,1107.0
STT,FLL,1107.0
FLL,DAL,1108.0
DAL,FLL,1108.0
MCO,MSN,1109.0
MSN,MCO,1109.0
PDX,ABQ,1111.0
ABQ,PDX,1111.0
BDL,TPA,1111.0
TPA,BDL,1111.0
PIT,IAH,1117.0
IAH,PIT,1117.0
SWF,FLL,1118.0
ABQ,ORD,1118.0
FLL,SWF,1118.0
ORD,ABQ,1118.0
TUS,PDX,1119.0
FLL,DFW,1119.0
DFW,FLL,1119.0
PDX,TUS,1119.0
ORD,RSW,1120.0
SWF,RSW,1120.0
RSW,ORD,1120.0
BOS,MCO,1121.0
DFW,MIA,1121.0
MCO,BOS,1121.0
MDW,ABQ,1121.0
ABQ,MDW,1121.0
MIA,DFW,1121.0
DTW,DEN,1123.0
DEN,DTW,1123.0
ATL,FAR,1123.0
FAR,ATL,1123.0
BOS,MSP,1124.0
MSP,BOS,1124.0
PSP,DFW,1126.0
DFW,PSP,1126.0
FLL,DTW,1127.0
DTW,FLL,1127.0
PBI,MDW,1128.0
MDW,PBI,1128.0
BQN,MCO,1129.0
SAN,SAT,1129.0
SAT,SAN,1129.0
MCO,BQN,1129.0
ALB,TPA,1130.0
TPA,ALB,1130.0
XNA,EWR,1131.0
EWR,XNA,1131.0
HOU,PIT,1131.0
PIT,HOU,1131.0
PBI,BDL,1133.0
BDL,PBI,1133.0
OMA,EWR,1134.0
EWR,OMA,1134.0
PVD,TPA,1136.0
PHX,LIT,1136.0
TPA,PVD,1136.0
OKC,IAD,1136.0
IAD,OKC,1136.0
LIT,PHX,1136.0
RSW,FNT,1138.0
FNT,RSW,1138.0
MIA,STX,1139.0
LAS,MCI,1139.0
MCI,LAS,1139.0
STX,MIA,1139.0
MSP,BOI,1142.0
MCO,MHT,1142.0
MHT,MCO,1142.0
BOI,MSP,1142.0
SAT,MIA,1143.0
MIA,SAT,1143.0
BUF,RSW,1144.0
RSW,BUF,1144.0
ORD,PBI,1144.0
PBI,ORD,1144.0
MIA,DTW,1145.0
DTW,MIA,1145.0
XNA,LGA,1147.0
GRR,RSW,1147.0
LGA,XNA,1147.0
RSW,GRR,1147.0
PVD,PBI,1148.0
OMA,LGA,1148.0
PBI,PVD,1148.0
LGA,OMA,1148.0
DTW,AUS,1149.0
AUS,DTW,1149.0
PHX,DSM,1149.211320754717
DSM,PHX,1149.2121212121212
CMH,DEN,1154.0
DEN,CMH,1154.0
MCI,RSW,1155.0
RSW,MCI,1155.0
SLC,STL,1156.0
STL,SLC,1156.0
IAH,RIC,1157.0
RIC,IAH,1157.0
DFW,RIC,1158.0
RIC,DFW,1158.0
DEN,TYS,1162.0
ORD,JAC,1162.0
TYS,DEN,1162.0
JAC,ORD,1162.0
SAN,AUS,1164.0
AUS,SAN,1164.0
FLL,BUF,1165.610576923077
BUF,FLL,1165.611821086262
MDW,FLL,1166.7030995106036
FLL,MDW,1166.7059787059786
MSY,EWR,1167.0
EWR,MSY,1167.0
TUL,MIA,1168.0
MIA,TUL,1168.0
SAN,DFW,1171.0
DFW,SAN,1171.0
DFW,IAD,1172.0
IAD,DFW,1172.0
BDL,FLL,1173.0
FLL,BDL,1173.0
MSP,JAX,1174.0
MSN,SLC,1174.0
JAX,MSP,1174.0
SLC,MSN,1174.0
GEG,MSP,1175.0
MSP,GEG,1175.0
IAG,FLL,1176.0
FLL,IAG,1176.0
PSE,MCO,1179.0
MCO,PSE,1179.0
BDL,RSW,1180.0
SEA,ABQ,1180.0
OKC,BWI,1180.0
BWI,OKC,1180.0
ABQ,SEA,1180.0
RSW,BDL,1180.0
MSY,JFK,1182.0
JFK,MSY,1182.0
SAN,DAL,1182.0
DAL,SAN,1182.0
ORD,FLL,1182.0
FLL,ORD,1182.0
RSW,MKE,1183.0
MSY,LGA,1183.0
LGA,MSY,1183.0
MKE,RSW,1183.0
COS,ATL,1184.0
ATL,COS,1184.0
DAL,DCA,1184.0
DCA,DAL,1184.0
TPA,BOS,1185.0
BOS,TPA,1185.0
ORD,BZN,1186.0
BZN,ORD,1186.0
OKC,LAX,1187.0
LAX,OKC,1187.0
FLL,PVD,1188.0
PVD,FLL,1188.0
ONT,DFW,1188.0
DFW,ONT,1188.0
SJU,MCO,1189.0
MCO,SJU,1189.0
IAD,IAH,1190.0
IAH,IAD,1190.0
DFW,DCA,1192.0
ANC,ADK,1192.0
ADK,ANC,1192.0
DCA,DFW,1192.0
MIA,BDL,1194.0
BDL,MIA,1194.0
SLC,IAH,1195.0
IAH,SLC,1195.0
MIA,ORD,1197.0
ORD,MIA,1197.0
BOS,PBI,1197.0
PBI,BOS,1197.0
ATL,DEN,1199.0
DEN,ATL,1199.0
PVD,RSW,1200.0
RSW,PVD,1200.0
CLE,DEN,1201.0
DEN,CLE,1201.0
IAH,ORF,1201.0
ORF,IAH,1201.0
ICT,LAX,1203.0
LAX,ICT,1203.0
MHT,TPA,1204.0
ALB,FLL,1204.0
FLL,ALB,1204.0
TPA,MHT,1204.0
ALB,RSW,1205.0
SNA,DFW,1205.0
DFW,SNA,1205.0
RSW,ALB,1205.0
LGA,EYW,1207.0
EYW,LGA,1207.0
IAH,DCA,1208.0
DCA,IAH,1208.0
DAL,BWI,1209.0
BWI,DAL,1209.0
AUS,SNA,1209.0
SNA,AUS,1209.0
SAT,LAX,1211.0
ORH,FLL,1211.0
MCO,OMA,1211.0
LAX,SAT,1211.0
FLL,ORH,1211.0
OMA,MCO,1211.0
DFW,ORF,1212.0
ORF,DFW,1212.0
MCO,PWM,1214.0
HOU,SLC,1214.0
DTW,SAT,1214.0
PWM,MCO,1214.0
SLC,HOU,1214.0
SAT,DTW,1214.0
TUL,EWR,1215.0
EWR,TUL,1215.0
LAS,DSM,1216.0
SEA,TUS,1216.0
SNA,DAL,1216.0
DSM,LAS,1216.0
TUS,SEA,1216.0
DAL,SNA,1216.0
DFW,BWI,1217.0
BWI,DFW,1217.0
DCA,HOU,1218.0
OKC,FLL,1218.0
HOU,DCA,1218.0
SRQ,BOS,1220.0
BOS,SRQ,1220.0
IAH,LAS,1222.0
OKC,MIA,1222.0
LAS,IAH,1222.0
MIA,OKC,1222.0
DEN,CAK,1224.0
CAK,DEN,1224.0
LGB,AUS,1226.0
AUS,LGB,1226.0
ATL,RAP,1230.0
RAP,ATL,1230.0
LAX,DFW,1235.0
IAH,BWI,1235.0
BWI,IAH,1235.0
HOU,LAS,1235.0
LAS,HOU,1235.0
DFW,LAX,1235.0
ORD,ELP,1236.0
ELP,ORD,1236.0
SJU,TPA,1237.0
BOS,FLL,1237.0
FLL,BOS,1237.0
TPA,SJU,1237.0
FLL,MCI,1242.0
MCI,FLL,1242.0
AUS,LAX,1242.0
LAX,AUS,1242.0
MKE,FLL,1243.0
FLL,MKE,1243.0
BWI,HOU,1246.0
LAX,DAL,1246.0
DAL,LAX,1246.0
HOU,BWI,1246.0
BOS,RSW,1249.0
RSW,BOS,1249.0
SLC,ORD,1250.0
ORD,SLC,1250.0
MIA,MCI,1251.0
MCI,MIA,1251.0
MSP,PSC,1254.0
PSC,MSP,1254.0
BOS,MCI,1256.0
MCI,BOS,1256.0
MIA,BOS,1258.0
BOS,MIA,1258.0
SLC,MDW,1259.0
MDW,SLC,1259.0
STL,PHX,1262.0
FLL,MHT,1262.0
MHT,FLL,1262.0
MEM,SLC,1262.0
SLC,MEM,1262.0
PHX,STL,1262.0
IAH,JAC,1265.0
JAC,IAH,1265.0
ATL,ABQ,1269.0
PSP,IAH,1269.0
ABQ,ATL,1269.0
IAH,PSP,1269.0
PHX,MSP,1276.0
MSP,PHX,1276.0
ELP,ATL,1282.0
ATL,ELP,1282.0
DEN,PIT,1290.0
PIT,DEN,1290.0
LAS,LIT,1294.0
LIT,LAS,1294.0
DAL,PHL,1295.0
PHL,DAL,1295.0
AUS,IAD,1297.0
IAD,AUS,1297.0
MSP,TUS,1298.0
TUS,MSP,1298.0
LAS,MSP,1299.0
MSP,LAS,1299.0
PHX,MSY,1300.0
MSY,PHX,1300.0
IAH,SAN,1303.0
PHL,DFW,1303.0
SAN,IAH,1303.0
DFW,PHL,1303.0
ATL,ASE,1304.0
ASE,ATL,1304.0
MSP,TPA,1306.0
TPA,MSP,1306.0
MCO,MSP,1310.0
MSP,MCO,1310.0
EGE,ATL,1312.0
ATL,EGE,1312.0
DFW,FAT,1313.0
FAT,DFW,1313.0
SAN,HOU,1313.0
HOU,SAN,1313.0
DCA,AUS,1315.0
AUS,DCA,1315.0
PHL,IAH,1325.0
EWR,OKC,1325.0
IAH,PHL,1325.0
OKC,EWR,1325.0
IAH,ISN,1330.0
OMA,LAX,1330.0
LAX,OMA,1330.0
ISN,IAH,1330.0
MSO,ORD,1332.0
ONT,IAH,1334.0
MCI,SAN,1334.0
FLL,PBG,1334.0
IAH,ONT,1334.0
PBG,FLL,1334.0
SAN,MCI,1334.0
DEN,CLT,1337.0
CLT,DEN,1337.0
ATL,HDN,1340.0
HDN,ATL,1340.0
BWI,AUS,1342.0
MCI,SNA,1342.0
AUS,BWI,1342.0
SNA,MCI,1342.0
RNO,DFW,1345.0
DFW,RNO,1345.0
SNA,IAH,1346.0
IAH,SNA,1346.0
FCA,ORD,1352.0
ATL,MTJ,1352.0
MTJ,ATL,1352.0
ORD,FCA,1352.0
SLC,IND,1355.0
IND,SLC,1355.0
HOU,SNA,1357.0
SNA,HOU,1357.0
IAD,SAT,1362.0
SAT,IAD,1362.0
MCI,LAX,1363.0
LAX,MCI,1363.0
MSY,BOS,1368.0
OMA,SEA,1368.0
BOS,MSY,1368.0
SEA,OMA,1368.0
OMA,PDX,1369.0
DEN,GSO,1370.0
GSO,DEN,1370.0
LAS,STL,1371.0
STL,LAS,1371.0
DFW,EWR,1372.0
EWR,DFW,1372.0
LAX,IAH,1379.0
IAH,LAX,1379.0
LGA,DAL,1381.0
DAL,LGA,1381.0
SFO,OKC,1384.0
OKC,SFO,1384.0
IAH,BZN,1385.0
BZN,IAH,1385.0
LGA,DFW,1389.0
DFW,LGA,1389.0
HOU,LAX,1390.0
LAX,HOU,1390.0
DFW,JFK,1391.0
ATL,GJT,1391.0
JFK,DFW,1391.0
SEA,MSP,1399.0
MSP,SEA,1399.0
EWR,IAH,1400.0
IAH,EWR,1400.0
SLC,BNA,1404.0
BNA,SLC,1404.0
MSP,RNO,1405.0
RNO,MSP,1405.0
SAT,BWI,1407.0
BWI,SAT,1407.0
EWR,HOU,1411.0
HOU,EWR,1411.0
LAS,MEM,1416.0
LGA,IAH,1416.0
MEM,LAS,1416.0
IAH,LGA,1416.0
RSW,MSP,1416.0
MSP,RSW,1416.0
MSP,PDX,1426.0
PDX,MSP,1426.0
SLC,MSY,1428.0
IAH,BFL,1428.0
MSY,SLC,1428.0
HOU,JFK,1428.0
BFL,IAH,1428.0
HOU,LGA,1428.0
LGA,HOU,1428.0
JFK,HOU,1428.0
PHL,AUS,1430.0
AUS,PHL,1430.0
SMF,DFW,1431.0
DFW,SMF,1431.0
SFO,OMA,1433.0
OMA,SFO,1433.0
RDU,DEN,1436.0
DEN,RDU,1436.0
BOI,ORD,1437.0
TUS,ORD,1437.0
ORD,BOI,1437.0
ORD,TUS,1437.0
SJC,DFW,1438.0
DFW,SJC,1438.0
PHX,ORD,1440.0
ORD,PHX,1440.0
TUS,MDW,1440.0
MDW,TUS,1440.0
DAL,SMF,1442.0
SMF,DAL,1442.0
MDW,PHX,1444.0
PHX,MDW,1444.0
JAX,DEN,1447.0
DEN,JAX,1447.0
SEA,ANC,1448.0
BOI,MDW,1448.0
MDW,BOI,1448.0
ANC,SEA,1448.0
PHX,BNA,1449.0
ABQ,CLT,1449.0
BNA,PHX,1449.0
CLT,ABQ,1449.0
SLC,CVG,1450.0
DAL,SJC,1450.0
SJC,DAL,1450.0
CVG,SLC,1450.0
IAD,DEN,1452.0
DEN,IAD,1452.0
PSP,MSP,1454.0
MSP,PSP,1454.0
OAK,DFW,1457.0
DFW,OAK,1457.0
PHX,MKE,1460.0
MKE,PHX,1460.0
SFO,DFW,1464.0
DFW,SFO,1464.0
DAL,OAK,1468.0
OAK,DAL,1468.0
DFW,BDL,1471.0
BDL,DFW,1471.0
DEN,MDT,1474.0
MDT,DEN,1474.0
CLT,SJU,1475.0
SJU,CLT,1475.0
SFO,DAL,1476.0
AUS,SJC,1476.0
DAL,SFO,1476.0
DCA,DEN,1476.0
DEN,DCA,1476.0
SJC,AUS,1476.0
DTW,SLC,1481.0
SLC,DTW,1481.0
MCI,PDX,1482.0
PDX,MCI,1482.0
IAH,BOI,1482.0
SFO,SAT,1482.0
SAT,SFO,1482.0
BOI,IAH,1482.0
FLL,MSP,1487.0
MSP,FLL,1487.0
PHX,IND,1488.0
IND,PHX,1488.0
MCI,OAK,1489.0
MCI,SEA,1489.0
SEA,MCI,1489.0
OAK,MCI,1489.0
BWI,DEN,1491.0
DEN,BWI,1491.0
SAT,PHL,1496.0
PHL,SAT,1496.0
AUS,OAK,1497.0
OAK,AUS,1497.0
MCI,SFO,1499.0
SFO,MCI,1499.0
LAS,MSY,1500.0
MSY,LAS,1500.0
MSP,MIA,1501.0
MIA,MSP,1501.0
SFO,AUS,1504.0
EWR,AUS,1504.0
AUS,SFO,1504.0
AUS,EWR,1504.0
TPA,DEN,1506.0
DEN,TPA,1506.0
PHX,SDF,1506.0
SDF,PHX,1506.0
BDL,IAH,1507.0
IAH,BDL,1507.0
GEG,MDW,1511.0
MDW,GEG,1511.0
LAS,ORD,1514.0
ORD,LAS,1514.0
SMF,MSP,1517.0
MSP,SMF,1517.0
OKC,SEA,1519.0
SEA,OKC,1519.0
CLT,STT,1520.0
STT,CLT,1520.0
LAS,MDW,1521.0
JFK,AUS,1521.0
AUS,JFK,1521.0
MDW,LAS,1521.0
MSP,SNA,1522.0
SNA,MSP,1522.0
MKE,LAS,1524.0
LAS,MKE,1524.0
RNO,IAH,1530.0
IAH,RNO,1530.0
SAN,MSP,1532.0
MSP,SAN,1532.0
FAI,SEA,1533.0
PHF,DEN,1533.0
SEA,FAI,1533.0
DEN,PHF,1533.0
LAX,MSP,1535.0
MSP,LAX,1535.0
TUS,ATL,1541.0
ATL,TUS,1541.0
PDX,ANC,1542.0
ANC,PDX,1542.0
DEN,MCO,1546.0
MCO,DEN,1546.0
ATL,SJU,1547.0
SJU,ATL,1547.0
CID,LAX,1550.0
SFO,XNA,1550.0
XNA,SFO,1550.0
ABQ,MCO,1553.0
MCO,ABQ,1553.0
DAL,BOS,1554.0
BOS,DAL,1554.0
SJU,DCA,1554.0
DCA,SJU,1554.0
STL,SAN,1557.0
SAN,STL,1557.0
PHL,DEN,1558.0
DEN,PHL,1558.0
STX,CLT,1562.0
BOS,DFW,1562.0
CLT,STX,1562.0
DFW,BOS,1562.0
SJU,BWI,1565.0
BWI,SJU,1565.0
SNA,STL,1569.0
CVG,PHX,1569.0
PHX,CVG,1569.0
SAT,EWR,1569.0
EWR,SAT,1569.0
STL,SNA,1569.0
IAD,SJU,1571.0
SJU,IAD,1571.0
JAC,ATL,1572.0
ATL,JAC,1572.0
MSP,SJC,1576.0
BQN,JFK,1576.0
SJC,MSP,1576.0
PHL,SJU,1576.0
SJU,PHL,1576.0
JFK,BQN,1576.0
HDN,IAD,1582.0
IAD,HDN,1582.0
BQN,EWR,1585.0
EWR,BQN,1585.0
PHX,ATL,1587.0
SAT,JFK,1587.0
ATL,PHX,1587.0
BNA,LAS,1587.0
JFK,SAT,1587.0
LAS,BNA,1587.0
MSP,SFO,1589.0
SFO,MSP,1589.0
IND,LAS,1590.0
SLC,ATL,1590.0
LAS,IND,1590.0
ATL,SLC,1590.0
STL,LAX,1592.0
LAX,STL,1592.0
BOS,IAH,1597.0
IAH,BOS,1597.0
JFK,SJU,1598.0
SJU,JFK,1598.0
STT,ATL,1599.0
MSY,SAN,1599.0
ATL,STT,1599.0
SAN,MSY,1599.0
PHL,STT,1605.0
EWR,DEN,1605.0
DEN,EWR,1605.0
STT,PHL,1605.0
STT,IAD,1606.0
IAD,STT,1606.0
RSW,DEN,1607.0
DEN,RSW,1607.0
SJU,EWR,1608.0
SJC,IAH,1608.0
EWR,SJU,1608.0
IAH,SJC,1608.0
IAH,SMF,1609.0
BOS,HOU,1609.0
HOU,BOS,1609.0
SMF,IAH,1609.0
DEN,ALB,1610.0
ALB,DEN,1610.0
DFW,PDX,1616.0
PDX,DFW,1616.0
PSE,JFK,1617.0
JFK,PSE,1617.0
BHM,LAS,1618.0
LAS,BHM,1618.0
MEM,LAX,1619.0
LAX,MEM,1619.0
DEN,LGA,1620.0
LGA,DEN,1620.0
STT,JFK,1623.0
JFK,STT,1623.0
LAS,SDF,1624.0
SDF,LAS,1624.0
PDX,DAL,1626.0
JFK,DEN,1626.0
DEN,JFK,1626.0
DAL,PDX,1626.0
OAK,IAH,1628.0
IAH,OAK,1628.0
EWR,STT,1634.0
STT,EWR,1634.0
SFO,IAH,1635.0
IAH,SFO,1635.0
STX,ATL,1638.0
ATL,STX,1638.0
ATL,BZN,1640.0
BZN,ATL,1640.0
OAK,HOU,1642.0
HOU,OAK,1642.0
ORD,PSP,1651.7613941018767
PSP,ORD,1651.7628032345012
DFW,SEA,1660.0
SEA,DFW,1660.0
SJU,BDL,1666.0
BDL,SJU,1666.0
SEA,DAL,1670.0
BWI,ABQ,1670.0
LAX,MSY,1670.0
PHX,CMH,1670.0
DAL,SEA,1670.0
ABQ,BWI,1670.0
CMH,PHX,1670.0
MSY,LAX,1670.0
PHX,DTW,1671.0
ORD,RNO,1671.0
DEN,BDL,1671.0
RNO,ORD,1671.0
DTW,PHX,1671.0
BDL,DEN,1671.0
MSN,SAN,1672.0
BOS,SJU,1674.0
SJU,BOS,1674.0
LAS,CVG,1678.0
CVG,LAS,1678.0
DEN,PBI,1679.0
PBI,DEN,1679.0
RNO,MDW,1680.0
MDW,RNO,1680.0
LAX,MSN,1687.0
MSN,LAX,1687.0
STT,BOS,1693.0
BOS,STT,1693.0
MKE,SEA,1694.0
SEA,MKE,1694.0
AUS,BOS,1698.0
BOS,AUS,1698.0
FLL,DEN,1703.0
DEN,FLL,1703.0
MDW,ONT,1706.0
ONT,MDW,1706.0
STL,PDX,1708.0
PDX,STL,1708.0
STL,SEA,1709.0
DEN,MIA,1709.0
MIA,DEN,1709.0
SEA,STL,1709.0
PDX,AUS,1715.0
AUS,PDX,1715.0
SEA,ORD,1721.0
ORD,SEA,1721.0
SAN,ORD,1723.0
ORD,SAN,1723.0
EWR,EGE,1725.0
EGE,EWR,1725.0
ORD,SNA,1726.0
SNA,ORD,1726.0
SLC,CLT,1727.0
CLT,SLC,1727.0
SAN,MDW,1728.0
EWR,HDN,1728.0
MDW,SAN,1728.0
HDN,EWR,1728.0
MDW,SNA,1731.0
SNA,MDW,1731.0
MDW,SEA,1733.0
FNT,LAS,1733.0
SEA,MDW,1733.0
LAS,FNT,1733.0
SFO,STL,1735.0
STL,SFO,1735.0
CLE,PHX,1737.0
PHX,CLE,1737.0
ORD,PDX,1739.0
MKE,SAN,1739.0
SAN,MKE,1739.0
PDX,ORD,1739.0
LAX,ORD,1744.0
ORD,LAX,1744.0
JFK,EGE,1746.0
EGE,JFK,1746.0
ATL,LAS,1747.0
LAS,ATL,1747.0
DTW,LAS,1749.0
LAS,DTW,1749.0
IAD,JAC,1750.0
JAC,IAD,1750.0
MDW,LAX,1750.0
LAX,MDW,1750.0
BNA,SAN,1751.0
MDW,PDX,1751.0
PDX,MDW,1751.0
SAN,BNA,1751.0
BOS,DEN,1754.0
DEN,BOS,1754.0
LAX,MKE,1756.0
MKE,LAX,1756.0
SEA,AUS,1770.0
AUS,SEA,1770.0
LAS,CMH,1771.0
CMH,LAS,1771.0
SFO,MSN,1772.0
MSN,SFO,1772.0
CLT,PHX,1773.0
PHX,CLT,1773.0
SEA,SAT,1774.0
SAT,SEA,1774.0
ORD,SMF,1781.0
SMF,ORD,1781.0
PHX,TPA,1788.0
TPA,PHX,1788.0
MDW,SMF,1790.0
SMF,MDW,1790.0
EWR,MTJ,1795.0
MTJ,EWR,1795.0
BNA,LAX,1797.0
LAX,BNA,1797.0
MSO,ATL,1800.0
ATL,MSO,1800.0
MIA,EGE,1810.0
LGA,MTJ,1810.0
EGE,MIA,1810.0
MTJ,LGA,1810.0
PIT,PHX,1814.0
LAX,IND,1814.0
PHX,PIT,1814.0
IND,LAX,1814.0
LAS,CLE,1824.0
CLE,LAS,1824.0
PDX,IAH,1825.0
IAH,PDX,1825.0
JFK,ABQ,1826.0
ABQ,JFK,1826.0
SJC,ORD,1829.0
ORD,SJC,1829.0
ORD,OAK,1836.0
OAK,ORD,1836.0
SJC,MDW,1838.0
MDW,SJC,1838.0
CLE,SJU,1839.0
SJU,CLE,1839.0
FCA,ATL,1842.0
ATL,FCA,1842.0
HOU,PDX,1843.0
PDX,HOU,1843.0
OAK,MDW,1844.0
MDW,OAK,1844.0
SFO,MKE,1845.0
MKE,SFO,1845.0
SFO,ORD,1846.0
CAK,LAS,1846.0
ORD,SFO,1846.0
LAS,CAK,1846.0
MCO,PHX,1849.0
PHX,MCO,1849.0
DCA,SLC,1851.0
SLC,DCA,1851.0
SFO,MDW,1855.0
MDW,SFO,1855.0
BWI,SLC,1865.0
SLC,BWI,1865.0
SAN,CVG,1865.0
CVG,SAN,1865.0
EWR,JAC,1874.0
IAH,SEA,1874.0
JAC,EWR,1874.0
SEA,IAH,1874.0
EWR,BZN,1882.0
BZN,EWR,1882.0
SLC,TPA,1888.0
TPA,SLC,1888.0
PHX,RDU,1891.0
RDU,PHX,1891.0
SAN,ATL,1892.0
ATL,SAN,1892.0
JFK,JAC,1894.0
HOU,SEA,1894.0
SEA,HOU,1894.0
BZN,LGA,1894.0
JAC,JFK,1894.0
LGA,BZN,1894.0
ONT,ATL,1900.0
CVG,LAX,1900.0
LAX,CVG,1900.0
ATL,ONT,1900.0
MSY,OAK,1903.0
OAK,MSY,1903.0
PIT,LAS,1910.0
LAS,PIT,1910.0
SFO,MSY,1911.0
MSY,SFO,1911.0
PHX,BUF,1912.0
BUF,PHX,1912.0
LAS,CLT,1916.0
CLT,LAS,1916.0
SNA,ATL,1919.0
ATL,SNA,1919.0
SEA,DTW,1927.0
SLC,PHL,1927.0
DTW,SEA,1927.0
PHL,SLC,1927.0
SJU,DTW,1930.0
DTW,SJU,1930.0
SLC,MCO,1931.0
MCO,SLC,1931.0
SFO,IND,1943.0
IND,SFO,1943.0
LAX,ATL,1947.0
ATL,LAX,1947.0
PDX,DTW,1953.0
DTW,PDX,1953.0
LBE,LAS,1954.0
LAS,LBE,1954.0
DTW,SAN,1956.0
PHX,IAD,1956.0
SAN,DTW,1956.0
IAD,PHX,1956.0
BNA,OAK,1959.0
OAK,BNA,1959.0
JAX,LAS,1965.0
LAS,JAX,1965.0
CVG,SEA,1965.0
SEA,CVG,1965.0
EWR,SLC,1969.0
SLC,EWR,1969.0
PHX,FLL,1972.0
MIA,PHX,1972.0
PHX,MIA,1972.0
FLL,PHX,1972.0
BNA,SEA,1978.0
SEA,BNA,1978.0
PHX,DCA,1979.0
DTW,LAX,1979.0
LAX,DTW,1979.0
DCA,PHX,1979.0
LAS,TPA,1984.0
TPA,LAS,1984.0
BUF,LAS,1986.0
LAS,BUF,1986.0
SLC,JFK,1990.0
JFK,SLC,1990.0
LAX,CMH,1995.0
CMH,LAX,1995.0
SJU,HOU,1997.0
HOU,SJU,1997.0
PHX,BWI,1999.0
BWI,PHX,1999.0
IAH,SJU,2007.0
SJU,IAH,2007.0
SFO,ANC,2018.0
ANC,SFO,2018.0
CLE,SEA,2021.0
SEA,CLE,2021.0
RDU,LAS,2026.0
LAS,RDU,2026.0
SFO,CVG,2036.0
CVG,SFO,2036.0
LAS,MCO,2039.0
MCO,LAS,2039.0
LAX,CLE,2052.0
CLE,LAX,2052.0
IAD,LAS,2065.0
LAS,IAD,2065.0
STT,IAH,2070.0
IAH,STT,2070.0
SJU,ORD,2072.0
ORD,SJU,2072.0
PHL,PHX,2075.0
PHX,PHL,2075.0
SAN,CLT,2077.0
CLT,SAN,2077.0
DTW,SFO,2079.0
SFO,DTW,2079.0
SEA,MSY,2086.0
MSY,SEA,2086.0
SLC,MIA,2088.0
MIA,SLC,2088.0
DCA,LAS,2089.0
LAS,DCA,2089.0
SMF,ATL,2092.0
ATL,SMF,2092.0
BOS,SLC,2105.0
SLC,BOS,2105.0
BWI,LAS,2106.0
LAS,BWI,2106.0
CMH,OAK,2110.0
OAK,CMH,2110.0
SJC,ATL,2116.0
STT,ORD,2116.0
ORD,STT,2116.0
ATL,SJC,2116.0
SLC,ANC,2125.0
LAX,CLT,2125.0
ANC,SLC,2125.0
CLT,LAX,2125.0
ATL,OAK,2130.0
OAK,ATL,2130.0
EWR,PHX,2133.0
PHX,EWR,2133.0
LAX,PIT,2136.0
PIT,LAX,2136.0
ATL,SFO,2139.0
SFO,ATL,2139.0
SAN,MCO,2149.0
MCO,SAN,2149.0
JFK,PHX,2153.0
PHX,JFK,2153.0
TPA,LAX,2158.0
LAX,TPA,2158.0
CLE,SFO,2161.0
SFO,CLE,2161.0
SJU,DFW,2165.0
DFW,SJU,2165.0
PDX,ATL,2172.0
ATL,PDX,2172.0
LAS,FLL,2173.0
FLL,LAS,2173.0
LAS,MIA,2174.0
MIA,LAS,2174.0
LAS,PHL,2176.0
PHL,LAS,2176.0
SEA,ATL,2182.0
ATL,SEA,2182.0
LAX,MCO,2218.0
MCO,LAX,2218.0
LAS,EWR,2227.0
EWR,LAS,2227.0
LAS,ALB,2237.0
ALB,LAS,2237.0
LAX,RDU,2239.0
RDU,LAX,2239.0
SMF,CLT,2244.0
CLT,SMF,2244.0
LAS,JFK,2248.0
JFK,LAS,2248.0
SAN,IAD,2253.0
IAD,SAN,2253.0
SFO,PIT,2254.0
PIT,SFO,2254.0
SAN,MIA,2267.0
MIA,SAN,2267.0
SEA,CLT,2279.0
CLT,SEA,2279.0
MHT,PHX,2280.0
PHX,MHT,2280.0
CLT,PDX,2282.0
PDX,CLT,2282.0
IAD,LAX,2288.0
LAX,IAD,2288.0
BWI,SAN,2295.0
SAN,BWI,2295.0
SFO,CLT,2296.0
CLT,SFO,2296.0
BDL,LAS,2297.0
LAS,BDL,2297.0
PHX,BOS,2300.0
BOS,PHX,2300.0
LAS,ANC,2304.0
ANC,LAS,2304.0
IAD,SEA,2306.0
SEA,IAD,2306.0
LAX,DCA,2311.0
DCA,LAX,2311.0
IAD,PDX,2327.0
PDX,IAD,2327.0
SEA,DCA,2329.0
DCA,SEA,2329.0
BWI,LAX,2329.0
LAX,BWI,2329.0
PBI,LAX,2330.0
LAX,PBI,2330.0
BWI,SEA,2335.0
SEA,BWI,2335.0
SFO,OGG,2338.0
OGG,SFO,2338.0
LAX,MIA,2342.0
MIA,LAX,2342.0
LAX,FLL,2342.744994731296
FLL,LAX,2342.7456647398844
ANC,LAX,2345.0
LAX,ANC,2345.0
OAK,OGG,2349.0
OGG,OAK,2349.0
PDX,DCA,2350.0
DCA,PDX,2350.0
SEA,RDU,2354.0
RDU,SEA,2354.0
SJC,OGG,2355.0
OGG,SJC,2355.0
MHT,LAS,2356.0
LAS,MHT,2356.0
BWI,PDX,2358.0
PDX,BWI,2358.0
SMF,IAD,2358.0
IAD,SMF,2358.0
LGB,ANC,2360.0
ANC,LGB,2360.0
KOA,SFO,2367.0
SFO,KOA,2367.0
PHL,SAN,2370.0
SAN,PHL,2370.0
PSP,JFK,2378.0
SEA,PHL,2378.0
KOA,OAK,2378.0
JFK,PSP,2378.0
PHL,SEA,2378.0
OAK,KOA,2378.0
BOS,LAS,2381.0
LAS,BOS,2381.0
SJC,KOA,2384.0
KOA,SJC,2384.0
TPA,SFO,2393.0
SFO,HNL,2398.0
HNL,SFO,2398.0
RDU,SFO,2400.0
SFO,RDU,2400.0
EWR,SEA,2402.0
PHL,LAX,2402.0
LAX,PHL,2402.0
SEA,EWR,2402.0
SMF,OGG,2404.0
OGG,SMF,2404.0
SJU,MSP,2404.0
MSP,SJU,2404.0
DEN,ANC,2405.0
ANC,DEN,2405.0
PDX,PHL,2406.0
PHL,PDX,2406.0
HNL,OAK,2409.0
OAK,HNL,2409.0
JFK,RNO,2411.0
RNO,JFK,2411.0
CHS,SEA,2415.0
SEA,CHS,2415.0
SJC,HNL,2417.0
HNL,SJC,2417.0
SFO,IAD,2419.0
IAD,SFO,2419.0
JFK,SEA,2422.0
SEA,JFK,2422.0
EWR,SAN,2425.0
SAN,EWR,2425.0
EWR,PDX,2434.0
PDX,EWR,2434.0
SNA,EWR,2434.0
EWR,SNA,2434.0
SFO,DCA,2442.0
DCA,SFO,2442.0
MCO,SFO,2446.0
SAN,JFK,2446.0
SFO,MCO,2446.0
JFK,SAN,2446.0
OAK,BWI,2447.0
SFO,LIH,2447.0
LIH,SFO,2447.0
BWI,OAK,2447.0
ITO,LAX,2449.0
LAX,ITO,2449.0
EWR,LAX,2454.0
JFK,PDX,2454.0
PDX,JFK,2454.0
LAX,EWR,2454.0
BWI,SFO,2457.0
LIH,OAK,2457.0
SFO,BWI,2457.0
OAK,LIH,2457.0
PHL,SMF,2458.0
SMF,PHL,2458.0
HNL,SMF,2462.0
SMF,HNL,2462.0
LGB,JFK,2465.0
JFK,BUR,2465.0
BUR,JFK,2465.0
JFK,LGB,2465.0
SJC,LIH,2466.0
MSP,FAI,2466.0
LIH,SJC,2466.0
FAI,MSP,2466.0
LAX,JFK,2475.0
JFK,LAX,2475.0
LAX,OGG,2486.0
OGG,LAX,2486.0
BOS,SEA,2496.0
SEA,BOS,2496.0
LAX,KOA,2504.0
KOA,LAX,2504.0
MSP,ANC,2519.0
ANC,MSP,2519.0
SEA,TPA,2520.0
TPA,SEA,2520.0
PHL,SFO,2521.0
JFK,SMF,2521.0
SMF,JFK,2521.0
SFO,PHL,2521.0
PDX,BOS,2537.0
BOS,PDX,2537.0
SAN,OGG,2541.0
OGG,SAN,2541.0
PHX,ANC,2552.0
ANC,PHX,2552.0
MCO,SEA,2554.0
SEA,MCO,2554.0
SAN,KOA,2556.0
LAX,HNL,2556.0
KOA,SAN,2556.0
HNL,LAX,2556.0
PDX,OGG,2562.0
OGG,PDX,2562.0
EWR,SFO,2565.0
SFO,EWR,2565.0
JFK,SJC,2569.0
SJC,JFK,2569.0
OAK,JFK,2576.0
OAK,FLL,2576.0
JFK,OAK,2576.0
SFO,FLL,2583.7076023391814
FLL,SFO,2583.7088514996344
SFO,MIA,2585.0
MIA,SFO,2585.0
JFK,SFO,2586.0
SFO,JFK,2586.0
SAN,BOS,2588.0
BOS,SAN,2588.0
HNL,PPG,2599.0
PPG,HNL,2599.0
BOS,LGB,2602.0
LGB,BOS,2602.0
HNL,PDX,2603.0
PDX,HNL,2603.0
PDX,KOA,2607.0
KOA,PDX,2607.0
LAX,BOS,2611.0
BOS,LAX,2611.0
HNL,SAN,2614.0
SAN,HNL,2614.0
LIH,LAX,2615.0
LAX,LIH,2615.0
PDX,LIH,2631.0
LIH,PDX,2631.0
SMF,BOS,2636.0
BOS,SMF,2636.0
SEA,OGG,2640.0
OGG,SEA,2640.0
LIH,SAN,2676.0
SAN,LIH,2676.0
SEA,HNL,2677.0
HNL,SEA,2677.0
BLI,OGG,2681.0
OGG,BLI,2681.0
SEA,KOA,2688.0
KOA,SEA,2688.0
BOS,SJC,2689.0
SJC,BOS,2689.0
OAK,BOS,2694.0
BOS,OAK,2694.0
LIH,SEA,2701.0
SEA,LIH,2701.0
SFO,BOS,2704.0
BOS,SFO,2704.0
HNL,BLI,2715.0
BLI,HNL,2715.0
SEA,FLL,2717.0
FLL,SEA,2717.0
MIA,SEA,2724.0
SEA,MIA,2724.0
HNL,LAS,2762.0
LAS,HNL,2762.0
HNL,ANC,2777.0
ANC,HNL,2777.0
FAI,ORD,2785.0
ORD,FAI,2785.0
ANC,OGG,2797.0
OGG,ANC,2797.0
PHX,OGG,2845.0
OGG,PHX,2845.0
ORD,ANC,2846.0
ANC,ORD,2846.0
KOA,PHX,2860.0
PHX,KOA,2860.0
ANC,KOA,2874.0
KOA,ANC,2874.0
HNL,PHX,2917.0
PHX,HNL,2917.0
LIH,PHX,2979.0
PHX,LIH,2979.0
HNL,SLC,2994.0
SLC,HNL,2994.0
ANC,DFW,3043.0
DFW,ANC,3043.0
IAH,ANC,3266.0
ANC,IAH,3266.0
OGG,DEN,3302.0
DEN,OGG,3302.0
DEN,KOA,3329.0
KOA,DEN,3329.0
HNL,DEN,3365.0
DEN,HNL,3365.0
EWR,ANC,3370.0
ANC,EWR,3370.0
LIH,DEN,3414.0
DEN,LIH,3414.0
ATL,ANC,3417.0
ANC,ATL,3417.0
DFW,OGG,3711.0
OGG,DFW,3711.0
HNL,DFW,3784.0
DFW,HNL,3784.0
GUM,HNL,3801.0
HNL,GUM,3801.0
IAH,HNL,3904.0
HNL,IAH,3904.0
MSP,HNL,3972.0
HNL,MSP,3972.0
ORD,OGG,4184.0
OGG,ORD,4184.0
HNL,ORD,4243.0
ORD,HNL,4243.0
ATL,HNL,4502.0
HNL,ATL,4502.0
IAD,HNL,4817.0
HNL,IAD,4817.0
HNL,EWR,4962.0
EWR,HNL,4962.0
JFK,HNL,4983.0
HNL,JFK,4983.0
